oneb_Metadata_Treatment_Dose_Inhibitor_Dose,DMSO_0.100_DMSO_0.025,LPS_0.010_DMSO_0.025,LPS_0.100_DMSO_0.025,LPS_1.000_DMSO_0.025,LPS_10.000_DMSO_0.025,LPS_100.000_DMSO_0.025,Thapsigargin_1.000_DMSO_0.025,Thapsigargin_10.000_DMSO_0.025
DMSO_0.100_DMSO_0.025,1.0,-0.27352381412325166,-0.2862362791932384,-0.2452340365764865,-0.46239265429937637,-0.4746541300753225,0.2060871453221348,-0.00781284309967798
LPS_0.010_DMSO_0.025,-0.27352381412325166,1.0,0.8643357683371918,0.8499663304778513,0.828447769594104,0.7132490643533548,0.2319187159809945,-0.21088547481729547
LPS_0.100_DMSO_0.025,-0.2862362791932384,0.8643357683371918,1.0,0.8365383518483847,0.8213784047238267,0.6802031821084241,0.13261239879419362,-0.23095131555873324
LPS_1.000_DMSO_0.025,-0.2452340365764865,0.8499663304778513,0.8365383518483847,1.0,0.8033943452529375,0.6532768874370836,0.10120320292956676,-0.263340705495375
LPS_10.000_DMSO_0.025,-0.46239265429937637,0.828447769594104,0.8213784047238267,0.8033943452529375,1.0,0.6811256872110232,0.18528139102714822,-0.10746090736062017
LPS_100.000_DMSO_0.025,-0.4746541300753225,0.7132490643533548,0.6802031821084241,0.6532768874370836,0.6811256872110232,1.0,0.10130579409415615,-0.3536727232753024
Thapsigargin_1.000_DMSO_0.025,0.2060871453221348,0.2319187159809945,0.13261239879419362,0.10120320292956676,0.18528139102714822,0.10130579409415615,1.0,0.25586058125594263
Thapsigargin_10.000_DMSO_0.025,-0.00781284309967798,-0.21088547481729547,-0.23095131555873324,-0.263340705495375,-0.10746090736062017,-0.3536727232753024,0.25586058125594263,1.0
