{
    "units": [
        10
    ],
    "dropout": [
        0.22093233105031676
    ],
    "n_layers": 1,
    "optimizer": "Adam",
    "learning_rate": 0.0053675097357238615
}
