{
    "units": [
        6,
        7
    ],
    "dropout": [
        0.27527633672725527,
        0.13590744054460274
    ],
    "n_layers": 2,
    "optimizer": "Adam",
    "learning_rate": 0.038944304376517865
}
