{
    "units": [
        9
    ],
    "dropout": [
        0.3964712698257963
    ],
    "n_layers": 1,
    "optimizer": "SGD",
    "learning_rate": 0.062190447839188194
}
