{
    "units": [
        5
    ],
    "dropout": [
        0.2648223761417736
    ],
    "n_layers": 1,
    "optimizer": "RMSprop",
    "learning_rate": 0.0023281710835851175
}
