{
    "units": [
        6
    ],
    "dropout": [
        0.25859884078664197
    ],
    "n_layers": 1,
    "optimizer": "SGD",
    "learning_rate": 0.08507393694132284
}
