{
    "units": [
        10
    ],
    "dropout": [
        0.2416010818553994
    ],
    "n_layers": 1,
    "optimizer": "SGD",
    "learning_rate": 0.0974951150900996
}
