{
    "units": [
        5
    ],
    "dropout": [
        0.18502678256518712
    ],
    "n_layers": 1,
    "optimizer": "Adam",
    "learning_rate": 0.011143835931442473
}
