{
    "units": [
        6
    ],
    "dropout": [
        0.1320453636724304
    ],
    "n_layers": 1,
    "optimizer": "Adam",
    "learning_rate": 0.004190773064414553
}
