{
    "units": [
        6
    ],
    "dropout": [
        0.2784797334135315
    ],
    "n_layers": 1,
    "optimizer": "SGD",
    "learning_rate": 0.057083376809627
}
