{
    "units": [
        4,
        9
    ],
    "dropout": [
        0.18307555056937022,
        0.15314142244060974
    ],
    "n_layers": 2,
    "optimizer": "Adam",
    "learning_rate": 0.05085895545186113
}
