{
    "units": [
        10,
        9
    ],
    "dropout": [
        0.30613480973249535,
        0.13368133812163885
    ],
    "n_layers": 2,
    "optimizer": "Adam",
    "learning_rate": 0.020467936669433924
}
