{
    "units": [
        6
    ],
    "dropout": [
        0.2569285558739186
    ],
    "n_layers": 1,
    "optimizer": "SGD",
    "learning_rate": 0.051855797448905845
}
