{
    "units": [
        6,
        6,
        6
    ],
    "dropout": [
        0.30652862581120266,
        0.12210240096127274,
        0.34094999245014673
    ],
    "n_layers": 3,
    "optimizer": "Adam",
    "learning_rate": 0.012728598588981259
}
