{
    "units": [
        4
    ],
    "dropout": [
        0.30363698920958326
    ],
    "n_layers": 1,
    "optimizer": "RMSprop",
    "learning_rate": 0.012023382456861428
}
