{
    "units": [
        10
    ],
    "dropout": [
        0.18311525976666249
    ],
    "n_layers": 1,
    "optimizer": "Adam",
    "learning_rate": 0.021054311995486064
}
