{
    "units": [
        9
    ],
    "dropout": [
        0.3826415804319848
    ],
    "n_layers": 1,
    "optimizer": "SGD",
    "learning_rate": 0.07715715608887716
}
