{
    "units": [
        10
    ],
    "dropout": [
        0.20497657035104885
    ],
    "n_layers": 1,
    "optimizer": "SGD",
    "learning_rate": 0.0940625656169448
}
