{
    "units": [
        2
    ],
    "dropout": [
        0.17805620340298034
    ],
    "n_layers": 1,
    "optimizer": "Adam",
    "learning_rate": 0.07583833194418184
}
