{
    "units": [
        4
    ],
    "dropout": [
        0.10159348277017119
    ],
    "n_layers": 1,
    "optimizer": "SGD",
    "learning_rate": 0.08219837287509359
}
