{
    "units": [
        7
    ],
    "dropout": [
        0.2549788799490922
    ],
    "n_layers": 1,
    "optimizer": "Adam",
    "learning_rate": 0.04946206066677851
}
