{
    "units": [
        8
    ],
    "dropout": [
        0.3970903749905369
    ],
    "n_layers": 1,
    "optimizer": "SGD",
    "learning_rate": 0.09064079973030166
}
