{
    "units": [
        6
    ],
    "dropout": [
        0.11494400820441493
    ],
    "n_layers": 1,
    "optimizer": "SGD",
    "learning_rate": 0.03465887050662796
}
