{
    "units": [
        4,
        2,
        4
    ],
    "dropout": [
        0.332998670486529,
        0.21859622674736137,
        0.22472154938978184
    ],
    "n_layers": 3,
    "optimizer": "Adam",
    "learning_rate": 0.05259461807016302
}
