{
    "units": [
        6
    ],
    "dropout": [
        0.25514924974548314
    ],
    "n_layers": 1,
    "optimizer": "Adam",
    "learning_rate": 0.06844235227832293
}
