{
    "units": [
        6
    ],
    "dropout": [
        0.1297187709641611
    ],
    "n_layers": 1,
    "optimizer": "SGD",
    "learning_rate": 0.06779564379614797
}
