{
    "units": [
        4,
        4
    ],
    "dropout": [
        0.21284899003165053,
        0.2271230358622321
    ],
    "n_layers": 2,
    "optimizer": "RMSprop",
    "learning_rate": 0.01720056977523393
}
