{
    "units": [
        7
    ],
    "dropout": [
        0.18060342136565427
    ],
    "n_layers": 1,
    "optimizer": "RMSprop",
    "learning_rate": 0.010331571429215362
}
