{
    "units": [
        2
    ],
    "dropout": [
        0.29635253810566714
    ],
    "n_layers": 1,
    "optimizer": "Adam",
    "learning_rate": 0.007416794567976379
}
