{
    "units": [
        8
    ],
    "dropout": [
        0.34965198149011495
    ],
    "n_layers": 1,
    "optimizer": "Adam",
    "learning_rate": 0.013814544333266187
}
