{
    "units": [
        7,
        9
    ],
    "dropout": [
        0.16272516985841395,
        0.1271000606346186
    ],
    "n_layers": 2,
    "optimizer": "Adam",
    "learning_rate": 0.046693998929830144
}
