{
    "units": [
        9
    ],
    "dropout": [
        0.14794581022342654
    ],
    "n_layers": 1,
    "optimizer": "SGD",
    "learning_rate": 0.06510364485338085
}
