{
    "units": [
        6
    ],
    "dropout": [
        0.36794371060071973
    ],
    "n_layers": 1,
    "optimizer": "Adam",
    "learning_rate": 0.000989846363272436
}
