{
    "units": [
        8
    ],
    "dropout": [
        0.37449280516303685
    ],
    "n_layers": 1,
    "optimizer": "SGD",
    "learning_rate": 0.05793548279736567
}
