{
    "units": [
        2,
        6
    ],
    "dropout": [
        0.30739648101284656,
        0.2050986601153052
    ],
    "n_layers": 2,
    "optimizer": "Adam",
    "learning_rate": 0.015318076866136567
}
