{
    "units": [
        6,
        8,
        5
    ],
    "dropout": [
        0.31951379399166546,
        0.2700908098293028,
        0.10869517752987684
    ],
    "n_layers": 3,
    "optimizer": "Adam",
    "learning_rate": 0.0346069640471735
}
