{
    "units": [
        9
    ],
    "dropout": [
        0.36295783225784084
    ],
    "n_layers": 1,
    "optimizer": "SGD",
    "learning_rate": 0.07781225957444331
}
