{
    "units": [
        5
    ],
    "dropout": [
        0.30767823746656475
    ],
    "n_layers": 1,
    "optimizer": "Adam",
    "learning_rate": 0.035455410324310405
}
