{
    "units": [
        3
    ],
    "dropout": [
        0.10586978801104596
    ],
    "n_layers": 1,
    "optimizer": "Adam",
    "learning_rate": 0.017390277526335374
}
