{
    "units": [
        8
    ],
    "dropout": [
        0.35989480157380804
    ],
    "n_layers": 1,
    "optimizer": "SGD",
    "learning_rate": 0.07944442667872427
}
