{
    "units": [
        5,
        3
    ],
    "dropout": [
        0.1835729867846354,
        0.22874463928632421
    ],
    "n_layers": 2,
    "optimizer": "Adam",
    "learning_rate": 0.012407564244904933
}
