{
    "units": [
        4,
        7
    ],
    "dropout": [
        0.10036529753186751,
        0.35290729255964637
    ],
    "n_layers": 2,
    "optimizer": "SGD",
    "learning_rate": 0.039186617805527305
}
