{
    "units": [
        4,
        5
    ],
    "dropout": [
        0.3070597245661708,
        0.28361666044334544
    ],
    "n_layers": 2,
    "optimizer": "Adam",
    "learning_rate": 0.02314566437286122
}
