{
    "units": [
        9,
        9,
        5
    ],
    "dropout": [
        0.28898121755990597,
        0.2348948514732405,
        0.2539110021249362
    ],
    "n_layers": 3,
    "optimizer": "RMSprop",
    "learning_rate": 0.00799368491089361
}
