{
    "units": [
        8,
        6,
        9
    ],
    "dropout": [
        0.21524209796744276,
        0.25543310346430786,
        0.141787295195282
    ],
    "n_layers": 3,
    "optimizer": "Adam",
    "learning_rate": 0.04978810589368162
}
