{
    "units": [
        3
    ],
    "dropout": [
        0.2673802254346245
    ],
    "n_layers": 1,
    "optimizer": "RMSprop",
    "learning_rate": 0.004399697082980222
}
