{
    "units": [
        7
    ],
    "dropout": [
        0.3837188291918423
    ],
    "n_layers": 1,
    "optimizer": "Adam",
    "learning_rate": 0.00755771665232879
}
