{
    "units": [
        3,
        9
    ],
    "dropout": [
        0.23427381466607025,
        0.32864170711840046
    ],
    "n_layers": 2,
    "optimizer": "RMSprop",
    "learning_rate": 0.020590841965701327
}
