{
    "units": [
        8,
        7,
        5
    ],
    "dropout": [
        0.2663005357275206,
        0.12199723369198226,
        0.10009339475453255
    ],
    "n_layers": 3,
    "optimizer": "SGD",
    "learning_rate": 0.08982877546990077
}
