{
    "units": [
        4
    ],
    "dropout": [
        0.24991206015434392
    ],
    "n_layers": 1,
    "optimizer": "Adam",
    "learning_rate": 0.03257029097408793
}
