{
    "units": [
        10,
        4
    ],
    "dropout": [
        0.1678339401549195,
        0.3892379126497032
    ],
    "n_layers": 2,
    "optimizer": "Adam",
    "learning_rate": 0.06130471536994854
}
