{
    "units": [
        9,
        9,
        8
    ],
    "dropout": [
        0.3911453409965423,
        0.15770468023801565,
        0.38309078610832104
    ],
    "n_layers": 3,
    "optimizer": "Adam",
    "learning_rate": 0.047060127598029494
}
