{
    "units": [
        4,
        3
    ],
    "dropout": [
        0.223379766905856,
        0.13413620203857748
    ],
    "n_layers": 2,
    "optimizer": "Adam",
    "learning_rate": 0.09845750246070163
}
