{
    "units": [
        4
    ],
    "dropout": [
        0.19044446948549354
    ],
    "n_layers": 1,
    "optimizer": "RMSprop",
    "learning_rate": 0.00040714308720676855
}
