{
    "units": [
        4,
        7,
        10
    ],
    "dropout": [
        0.24411581485204775,
        0.10757770299197861,
        0.10035957151389993
    ],
    "n_layers": 3,
    "optimizer": "Adam",
    "learning_rate": 0.07200882137576363
}
