{
    "units": [
        10
    ],
    "dropout": [
        0.102667112693981
    ],
    "n_layers": 1,
    "optimizer": "SGD",
    "learning_rate": 0.09215575738665314
}
