{
    "units": [
        10
    ],
    "dropout": [
        0.317303742658707
    ],
    "n_layers": 1,
    "optimizer": "SGD",
    "learning_rate": 0.05519016221672794
}
