{
    "units": [
        8
    ],
    "dropout": [
        0.28598340251328885
    ],
    "n_layers": 1,
    "optimizer": "Adam",
    "learning_rate": 0.005069428408121927
}
