{
    "units": [
        8
    ],
    "dropout": [
        0.3459590020291835
    ],
    "n_layers": 1,
    "optimizer": "Adam",
    "learning_rate": 0.013501991868477371
}
