{
    "units": [
        6
    ],
    "dropout": [
        0.29184170469669823
    ],
    "n_layers": 1,
    "optimizer": "Adam",
    "learning_rate": 0.00755991348016369
}
