{
    "units": [
        6
    ],
    "dropout": [
        0.35968748654734306
    ],
    "n_layers": 1,
    "optimizer": "RMSprop",
    "learning_rate": 0.0161202918069047
}
