{
    "units": [
        9
    ],
    "dropout": [
        0.3170701734675435
    ],
    "n_layers": 1,
    "optimizer": "Adam",
    "learning_rate": 0.004378684208030857
}
