{
    "units": [
        8,
        5,
        5
    ],
    "dropout": [
        0.1285848207833588,
        0.2760278063185143,
        0.343053731701903
    ],
    "n_layers": 3,
    "optimizer": "Adam",
    "learning_rate": 0.029888327273219717
}
