{
    "units": [
        5
    ],
    "dropout": [
        0.22257031529369753
    ],
    "n_layers": 1,
    "optimizer": "Adam",
    "learning_rate": 0.06581536197142213
}
