{
    "units": [
        6,
        10
    ],
    "dropout": [
        0.3709123323673694,
        0.3404415634758917
    ],
    "n_layers": 2,
    "optimizer": "Adam",
    "learning_rate": 0.016842901092084656
}
