{
    "units": [
        5
    ],
    "dropout": [
        0.13425658442574162
    ],
    "n_layers": 1,
    "optimizer": "RMSprop",
    "learning_rate": 0.00232549474380917
}
