{
    "units": [
        8
    ],
    "dropout": [
        0.36292919560859516
    ],
    "n_layers": 1,
    "optimizer": "Adam",
    "learning_rate": 0.02302038391980497
}
