{
    "units": [
        8
    ],
    "dropout": [
        0.3041398453870928
    ],
    "n_layers": 1,
    "optimizer": "SGD",
    "learning_rate": 0.08919493654636146
}
