{
    "units": [
        5
    ],
    "dropout": [
        0.13727375747701592
    ],
    "n_layers": 1,
    "optimizer": "Adam",
    "learning_rate": 0.02196458400980038
}
