{
    "units": [
        9,
        4
    ],
    "dropout": [
        0.19612363914534264,
        0.2408924795197672
    ],
    "n_layers": 2,
    "optimizer": "Adam",
    "learning_rate": 0.07190570952876307
}
