{
    "units": [
        5,
        3
    ],
    "dropout": [
        0.24372142005968386,
        0.3376838108467446
    ],
    "n_layers": 2,
    "optimizer": "Adam",
    "learning_rate": 0.0758099347974504
}
