{
    "units": [
        6,
        4
    ],
    "dropout": [
        0.19061586084664411,
        0.1278516480020201
    ],
    "n_layers": 2,
    "optimizer": "Adam",
    "learning_rate": 0.007291581929513784
}
