{
    "units": [
        7,
        4
    ],
    "dropout": [
        0.10767068692059596,
        0.36728995763334094
    ],
    "n_layers": 2,
    "optimizer": "SGD",
    "learning_rate": 0.060125802792483536
}
