{
    "units": [
        5
    ],
    "dropout": [
        0.3525143455300481
    ],
    "n_layers": 1,
    "optimizer": "SGD",
    "learning_rate": 0.0916068434378583
}
