{
    "units": [
        7
    ],
    "dropout": [
        0.24207838583336752
    ],
    "n_layers": 1,
    "optimizer": "SGD",
    "learning_rate": 0.08949450928645918
}
