{
    "units": [
        7,
        5,
        6
    ],
    "dropout": [
        0.18102428121290026,
        0.28429446449601825,
        0.39246964634446213
    ],
    "n_layers": 3,
    "optimizer": "Adam",
    "learning_rate": 0.04791549599628405
}
