{
    "units": [
        5,
        5
    ],
    "dropout": [
        0.3753605292966953,
        0.3974669705266769
    ],
    "n_layers": 2,
    "optimizer": "Adam",
    "learning_rate": 0.03954594098864008
}
