{
    "units": [
        6
    ],
    "dropout": [
        0.17608199030723778
    ],
    "n_layers": 1,
    "optimizer": "Adam",
    "learning_rate": 0.015542542982364127
}
