{
    "units": [
        2
    ],
    "dropout": [
        0.3685041194160146
    ],
    "n_layers": 1,
    "optimizer": "Adam",
    "learning_rate": 0.01081648736035808
}
