{
    "units": [
        4,
        10
    ],
    "dropout": [
        0.298136552761726,
        0.1695638062945795
    ],
    "n_layers": 2,
    "optimizer": "SGD",
    "learning_rate": 0.0782744028468257
}
