{
    "units": [
        6
    ],
    "dropout": [
        0.3827072554037041
    ],
    "n_layers": 1,
    "optimizer": "RMSprop",
    "learning_rate": 0.006440022842406269
}
