{
    "units": [
        7,
        4
    ],
    "dropout": [
        0.1623975399131017,
        0.3312024306777184
    ],
    "n_layers": 2,
    "optimizer": "Adam",
    "learning_rate": 0.028166829886288575
}
