{
    "units": [
        7,
        10,
        3
    ],
    "dropout": [
        0.13856285568380192,
        0.31254995103708616,
        0.2719690853239907
    ],
    "n_layers": 3,
    "optimizer": "RMSprop",
    "learning_rate": 0.013653495880613304
}
