{
    "units": [
        8
    ],
    "dropout": [
        0.3275215483332229
    ],
    "n_layers": 1,
    "optimizer": "Adam",
    "learning_rate": 0.0029133055068478286
}
