{
    "units": [
        8,
        7,
        7
    ],
    "dropout": [
        0.2603839773912481,
        0.11113865545610183,
        0.15018815220164286
    ],
    "n_layers": 3,
    "optimizer": "Adam",
    "learning_rate": 0.02589014708141531
}
