{
    "units": [
        2
    ],
    "dropout": [
        0.30714400959523236
    ],
    "n_layers": 1,
    "optimizer": "Adam",
    "learning_rate": 0.0122683781117633
}
