{
    "units": [
        2
    ],
    "dropout": [
        0.3521610400526758
    ],
    "n_layers": 1,
    "optimizer": "Adam",
    "learning_rate": 0.0033002404183666003
}
