{
    "units": [
        9,
        3,
        6
    ],
    "dropout": [
        0.3599866585231657,
        0.3073443020432709,
        0.3355732670884106
    ],
    "n_layers": 3,
    "optimizer": "Adam",
    "learning_rate": 0.007205150582948616
}
