{
    "units": [
        10,
        9
    ],
    "dropout": [
        0.2771413558855019,
        0.3904240774079263
    ],
    "n_layers": 2,
    "optimizer": "Adam",
    "learning_rate": 0.0011259775591288264
}
