{
    "units": [
        10
    ],
    "dropout": [
        0.12674933199437485
    ],
    "n_layers": 1,
    "optimizer": "SGD",
    "learning_rate": 0.09238321690246812
}
