{
    "units": [
        4
    ],
    "dropout": [
        0.1999358820750415
    ],
    "n_layers": 1,
    "optimizer": "SGD",
    "learning_rate": 0.062384148698784336
}
