{
    "units": [
        3
    ],
    "dropout": [
        0.29843372847539684
    ],
    "n_layers": 1,
    "optimizer": "RMSprop",
    "learning_rate": 0.041833883175458816
}
