{
    "units": [
        5,
        10,
        3
    ],
    "dropout": [
        0.17280143423675987,
        0.10632151815192276,
        0.20208011769631778
    ],
    "n_layers": 3,
    "optimizer": "Adam",
    "learning_rate": 0.06495767813455038
}
