{
    "units": [
        8,
        4,
        7
    ],
    "dropout": [
        0.25024801293872445,
        0.39430116712437024,
        0.36353500519708215
    ],
    "n_layers": 3,
    "optimizer": "RMSprop",
    "learning_rate": 0.014955019523969944
}
