{
    "units": [
        4,
        6
    ],
    "dropout": [
        0.1750076381528574,
        0.2412743738415675
    ],
    "n_layers": 2,
    "optimizer": "SGD",
    "learning_rate": 0.0871905231301756
}
