{
    "units": [
        6,
        3,
        7
    ],
    "dropout": [
        0.14674851469160033,
        0.10068159218196197,
        0.14873085423605117
    ],
    "n_layers": 3,
    "optimizer": "RMSprop",
    "learning_rate": 0.018947168630836127
}
