{
    "units": [
        5
    ],
    "dropout": [
        0.2993944425177992
    ],
    "n_layers": 1,
    "optimizer": "SGD",
    "learning_rate": 0.07050843845072746
}
