{
    "units": [
        8,
        4
    ],
    "dropout": [
        0.24807256387631493,
        0.2651292109173926
    ],
    "n_layers": 2,
    "optimizer": "Adam",
    "learning_rate": 0.030591266278201353
}
