{
    "units": [
        6,
        9
    ],
    "dropout": [
        0.22358105930665179,
        0.19738060064192753
    ],
    "n_layers": 2,
    "optimizer": "Adam",
    "learning_rate": 0.037528746818281875
}
