{
    "units": [
        6
    ],
    "dropout": [
        0.39205064994823247
    ],
    "n_layers": 1,
    "optimizer": "Adam",
    "learning_rate": 0.004080615302693762
}
