{
    "units": [
        8
    ],
    "dropout": [
        0.3208866293155346
    ],
    "n_layers": 1,
    "optimizer": "Adam",
    "learning_rate": 0.012654190241874736
}
