{
    "units": [
        4,
        7,
        8
    ],
    "dropout": [
        0.25567885696677467,
        0.34216313156192046,
        0.30710394497739724
    ],
    "n_layers": 3,
    "optimizer": "Adam",
    "learning_rate": 0.06882904772969207
}
