{
    "units": [
        10
    ],
    "dropout": [
        0.10365659669333566
    ],
    "n_layers": 1,
    "optimizer": "SGD",
    "learning_rate": 0.07244320468882356
}
