{
    "units": [
        10
    ],
    "dropout": [
        0.20449846055688248
    ],
    "n_layers": 1,
    "optimizer": "Adam",
    "learning_rate": 0.011999934528125011
}
