{
    "units": [
        7,
        8
    ],
    "dropout": [
        0.36580693423084576,
        0.1063377203020802
    ],
    "n_layers": 2,
    "optimizer": "Adam",
    "learning_rate": 0.028686103510316432
}
