{
    "units": [
        9
    ],
    "dropout": [
        0.2707637281609714
    ],
    "n_layers": 1,
    "optimizer": "Adam",
    "learning_rate": 0.0123695462761852
}
