{
    "units": [
        2
    ],
    "dropout": [
        0.21207538216244304
    ],
    "n_layers": 1,
    "optimizer": "Adam",
    "learning_rate": 0.07918200650225031
}
