{
    "units": [
        10,
        2
    ],
    "dropout": [
        0.3072410290987671,
        0.24697981319800116
    ],
    "n_layers": 2,
    "optimizer": "Adam",
    "learning_rate": 0.013694751796948845
}
