{
    "units": [
        5
    ],
    "dropout": [
        0.257305586599363
    ],
    "n_layers": 1,
    "optimizer": "Adam",
    "learning_rate": 0.06699038545151778
}
