{
    "units": [
        3
    ],
    "dropout": [
        0.35336328864717315
    ],
    "n_layers": 1,
    "optimizer": "RMSprop",
    "learning_rate": 0.011386716325902005
}
