{
    "units": [
        7,
        2
    ],
    "dropout": [
        0.3563378900614079,
        0.12424199794175744
    ],
    "n_layers": 2,
    "optimizer": "Adam",
    "learning_rate": 0.07120656438993128
}
