{
    "units": [
        9,
        3
    ],
    "dropout": [
        0.35331705098906685,
        0.2720821127154743
    ],
    "n_layers": 2,
    "optimizer": "Adam",
    "learning_rate": 0.03693304408067916
}
