{
    "units": [
        6,
        4
    ],
    "dropout": [
        0.1625596403141219,
        0.3115714851049175
    ],
    "n_layers": 2,
    "optimizer": "RMSprop",
    "learning_rate": 0.030731148204586837
}
