{
    "units": [
        4
    ],
    "dropout": [
        0.13654937488111774
    ],
    "n_layers": 1,
    "optimizer": "Adam",
    "learning_rate": 0.024680958761496036
}
