{
    "units": [
        6,
        7,
        3
    ],
    "dropout": [
        0.21815226393802842,
        0.18867792755487073,
        0.19382814329450895
    ],
    "n_layers": 3,
    "optimizer": "RMSprop",
    "learning_rate": 0.0021968954034095943
}
