{
    "units": [
        6
    ],
    "dropout": [
        0.33383682935465386
    ],
    "n_layers": 1,
    "optimizer": "Adam",
    "learning_rate": 0.011683146535230896
}
