{
    "units": [
        8
    ],
    "dropout": [
        0.26120964261281204
    ],
    "n_layers": 1,
    "optimizer": "Adam",
    "learning_rate": 0.004825163899871631
}
