{
    "units": [
        10,
        4,
        7
    ],
    "dropout": [
        0.26389021907686294,
        0.24915070736352501,
        0.17708424805691625
    ],
    "n_layers": 3,
    "optimizer": "Adam",
    "learning_rate": 0.022939500343151824
}
