{
    "units": [
        2
    ],
    "dropout": [
        0.24445562146812083
    ],
    "n_layers": 1,
    "optimizer": "Adam",
    "learning_rate": 0.028793331705880287
}
