{
    "units": [
        8
    ],
    "dropout": [
        0.3997444513683215
    ],
    "n_layers": 1,
    "optimizer": "RMSprop",
    "learning_rate": 0.0012919065091469013
}
