{
    "units": [
        5
    ],
    "dropout": [
        0.1865587413603343
    ],
    "n_layers": 1,
    "optimizer": "Adam",
    "learning_rate": 0.0022806127661503623
}
