{
    "units": [
        5
    ],
    "dropout": [
        0.2450914952164272
    ],
    "n_layers": 1,
    "optimizer": "Adam",
    "learning_rate": 0.018459130405530752
}
