{
    "units": [
        3
    ],
    "dropout": [
        0.29271858706512455
    ],
    "n_layers": 1,
    "optimizer": "Adam",
    "learning_rate": 0.06366226983727381
}
