{
    "units": [
        3,
        9
    ],
    "dropout": [
        0.23164994768626504,
        0.34716344684745964
    ],
    "n_layers": 2,
    "optimizer": "SGD",
    "learning_rate": 0.08129095490638541
}
