{
    "units": [
        6,
        7
    ],
    "dropout": [
        0.1495311758410114,
        0.20401362050015615
    ],
    "n_layers": 2,
    "optimizer": "Adam",
    "learning_rate": 0.05699465201838469
}
