{
    "units": [
        3
    ],
    "dropout": [
        0.3516584942214058
    ],
    "n_layers": 1,
    "optimizer": "Adam",
    "learning_rate": 0.005056403310528466
}
