{
    "units": [
        5,
        3,
        7
    ],
    "dropout": [
        0.24521200446067734,
        0.20553769757504023,
        0.2678468303375753
    ],
    "n_layers": 3,
    "optimizer": "Adam",
    "learning_rate": 0.006423304061182026
}
