{
    "units": [
        10
    ],
    "dropout": [
        0.30210536694237533
    ],
    "n_layers": 1,
    "optimizer": "SGD",
    "learning_rate": 0.07223122028301864
}
