{
    "units": [
        10
    ],
    "dropout": [
        0.20456556734447026
    ],
    "n_layers": 1,
    "optimizer": "SGD",
    "learning_rate": 0.06581394063798525
}
