{
    "units": [
        2
    ],
    "dropout": [
        0.1008529120265116
    ],
    "n_layers": 1,
    "optimizer": "Adam",
    "learning_rate": 0.01967164858321648
}
