{
    "units": [
        5,
        6
    ],
    "dropout": [
        0.27864507050571974,
        0.27262352772243875
    ],
    "n_layers": 2,
    "optimizer": "Adam",
    "learning_rate": 0.049169529583544584
}
