{
    "units": [
        6
    ],
    "dropout": [
        0.22435365618749162
    ],
    "n_layers": 1,
    "optimizer": "SGD",
    "learning_rate": 0.0961066852670921
}
