{
    "units": [
        8
    ],
    "dropout": [
        0.3686935635648809
    ],
    "n_layers": 1,
    "optimizer": "Adam",
    "learning_rate": 0.043018707848905303
}
