{
    "units": [
        6,
        10,
        9
    ],
    "dropout": [
        0.19563987062136928,
        0.29237983250636645,
        0.13887141222816876
    ],
    "n_layers": 3,
    "optimizer": "Adam",
    "learning_rate": 0.057331411215255916
}
