{
    "units": [
        10,
        4
    ],
    "dropout": [
        0.33517649775169395,
        0.12950727547521024
    ],
    "n_layers": 2,
    "optimizer": "Adam",
    "learning_rate": 0.016944323044830362
}
