{
    "units": [
        10
    ],
    "dropout": [
        0.32555306398079564
    ],
    "n_layers": 1,
    "optimizer": "SGD",
    "learning_rate": 0.05339815149105756
}
