{
    "units": [
        9
    ],
    "dropout": [
        0.126258096166024
    ],
    "n_layers": 1,
    "optimizer": "SGD",
    "learning_rate": 0.052730594534410334
}
