{
    "units": [
        8
    ],
    "dropout": [
        0.10456339670067953
    ],
    "n_layers": 1,
    "optimizer": "SGD",
    "learning_rate": 0.05524323094491196
}
