{
    "units": [
        6,
        6
    ],
    "dropout": [
        0.19322997455333726,
        0.2774138474887965
    ],
    "n_layers": 2,
    "optimizer": "Adam",
    "learning_rate": 0.053036569970830505
}
