{
    "units": [
        10
    ],
    "dropout": [
        0.3205420205479521
    ],
    "n_layers": 1,
    "optimizer": "SGD",
    "learning_rate": 0.05222922825926771
}
