{
    "units": [
        3,
        7,
        7
    ],
    "dropout": [
        0.1450548761731659,
        0.20054822154132995,
        0.16900120284173242
    ],
    "n_layers": 3,
    "optimizer": "Adam",
    "learning_rate": 0.03539225111122093
}
