{
    "units": [
        3,
        2
    ],
    "dropout": [
        0.2562409724552474,
        0.3045850159185114
    ],
    "n_layers": 2,
    "optimizer": "Adam",
    "learning_rate": 0.03534538387384564
}
