{
    "units": [
        5,
        9,
        9
    ],
    "dropout": [
        0.3863135420108449,
        0.3686390615334586,
        0.2349591737880304
    ],
    "n_layers": 3,
    "optimizer": "Adam",
    "learning_rate": 0.05209316501067489
}
