{
    "units": [
        10,
        8,
        10
    ],
    "dropout": [
        0.18947237167701017,
        0.27775657691164796,
        0.15742763265218734
    ],
    "n_layers": 3,
    "optimizer": "Adam",
    "learning_rate": 0.035254622374074104
}
