{
    "units": [
        3,
        5,
        9
    ],
    "dropout": [
        0.16522853796128187,
        0.340878616745301,
        0.33115787757893245
    ],
    "n_layers": 3,
    "optimizer": "Adam",
    "learning_rate": 0.01137052143855286
}
