{
    "units": [
        6
    ],
    "dropout": [
        0.22718142020872462
    ],
    "n_layers": 1,
    "optimizer": "SGD",
    "learning_rate": 0.09327264430943971
}
