{
    "units": [
        4,
        7,
        10
    ],
    "dropout": [
        0.254175156232722,
        0.24100197458129985,
        0.12162220505104156
    ],
    "n_layers": 3,
    "optimizer": "RMSprop",
    "learning_rate": 0.02182117104392303
}
