{
    "units": [
        8
    ],
    "dropout": [
        0.3054006116917813
    ],
    "n_layers": 1,
    "optimizer": "Adam",
    "learning_rate": 0.05135990096155846
}
