{
    "units": [
        10
    ],
    "dropout": [
        0.3419567552056364
    ],
    "n_layers": 1,
    "optimizer": "SGD",
    "learning_rate": 0.07301181356690685
}
