{
    "units": [
        10
    ],
    "dropout": [
        0.30665999450576564
    ],
    "n_layers": 1,
    "optimizer": "SGD",
    "learning_rate": 0.08526959067758433
}
