{
    "units": [
        6,
        6
    ],
    "dropout": [
        0.28850106109746176,
        0.23959447963366856
    ],
    "n_layers": 2,
    "optimizer": "Adam",
    "learning_rate": 0.016784218223168956
}
