{
    "units": [
        8,
        4
    ],
    "dropout": [
        0.13422917497959336,
        0.3344353120381892
    ],
    "n_layers": 2,
    "optimizer": "RMSprop",
    "learning_rate": 0.006189934235920263
}
