{
    "units": [
        10,
        9
    ],
    "dropout": [
        0.17789752919975382,
        0.13094135897664524
    ],
    "n_layers": 2,
    "optimizer": "Adam",
    "learning_rate": 0.015908891139130882
}
