{
    "units": [
        7,
        6,
        9
    ],
    "dropout": [
        0.16858214827424126,
        0.19469851339115013,
        0.24457251711680386
    ],
    "n_layers": 3,
    "optimizer": "Adam",
    "learning_rate": 0.060239727218765644
}
