{
    "units": [
        7
    ],
    "dropout": [
        0.2655494245330501
    ],
    "n_layers": 1,
    "optimizer": "Adam",
    "learning_rate": 0.006733738660883045
}
