{
    "units": [
        8
    ],
    "dropout": [
        0.19384124560817448
    ],
    "n_layers": 1,
    "optimizer": "Adam",
    "learning_rate": 0.0007043290056433606
}
