{
    "units": [
        5,
        9,
        10
    ],
    "dropout": [
        0.18927775902881944,
        0.39879617487850305,
        0.32807632485565796
    ],
    "n_layers": 3,
    "optimizer": "Adam",
    "learning_rate": 0.004309200384954626
}
