{
    "units": [
        5,
        5
    ],
    "dropout": [
        0.3289359670928047,
        0.26247718186437136
    ],
    "n_layers": 2,
    "optimizer": "SGD",
    "learning_rate": 0.08296803361574233
}
