{
    "units": [
        3,
        8,
        3
    ],
    "dropout": [
        0.22839589134744356,
        0.200533802825911,
        0.3341213075344257
    ],
    "n_layers": 3,
    "optimizer": "RMSprop",
    "learning_rate": 0.013314093926214566
}
