{
    "units": [
        7,
        9
    ],
    "dropout": [
        0.23975033392620998,
        0.26456133522174385
    ],
    "n_layers": 2,
    "optimizer": "Adam",
    "learning_rate": 0.0130553247989715
}
