{
    "units": [
        7
    ],
    "dropout": [
        0.1877658919078224
    ],
    "n_layers": 1,
    "optimizer": "Adam",
    "learning_rate": 0.02113885483349756
}
