{
    "units": [
        7
    ],
    "dropout": [
        0.24389534365082802
    ],
    "n_layers": 1,
    "optimizer": "SGD",
    "learning_rate": 0.05004676014302945
}
