{
    "units": [
        9,
        5
    ],
    "dropout": [
        0.31849856544475746,
        0.14375352458985025
    ],
    "n_layers": 2,
    "optimizer": "Adam",
    "learning_rate": 0.06699605758333488
}
