{
    "units": [
        2
    ],
    "dropout": [
        0.2582223218394477
    ],
    "n_layers": 1,
    "optimizer": "Adam",
    "learning_rate": 0.014953925616577778
}
