{
    "units": [
        2
    ],
    "dropout": [
        0.10211284372941253
    ],
    "n_layers": 1,
    "optimizer": "Adam",
    "learning_rate": 0.019707015811841703
}
