{
    "units": [
        6
    ],
    "dropout": [
        0.20973020989131658
    ],
    "n_layers": 1,
    "optimizer": "SGD",
    "learning_rate": 0.08963311935871963
}
