{
    "units": [
        2,
        3,
        7
    ],
    "dropout": [
        0.3446391693973845,
        0.24330660798189538,
        0.1401635635382697
    ],
    "n_layers": 3,
    "optimizer": "Adam",
    "learning_rate": 0.03411287615900676
}
