{
    "units": [
        9
    ],
    "dropout": [
        0.3561242697418725
    ],
    "n_layers": 1,
    "optimizer": "Adam",
    "learning_rate": 0.009584459180447877
}
