{
    "units": [
        10,
        2
    ],
    "dropout": [
        0.32088661232125526,
        0.11521090122372007
    ],
    "n_layers": 2,
    "optimizer": "Adam",
    "learning_rate": 0.03135912231522381
}
