{
    "units": [
        3
    ],
    "dropout": [
        0.3901641458878622
    ],
    "n_layers": 1,
    "optimizer": "Adam",
    "learning_rate": 0.010097110481013827
}
