{
    "units": [
        4
    ],
    "dropout": [
        0.2987159360850645
    ],
    "n_layers": 1,
    "optimizer": "SGD",
    "learning_rate": 0.07582526460536633
}
