{
    "units": [
        8
    ],
    "dropout": [
        0.3236433984110193
    ],
    "n_layers": 1,
    "optimizer": "Adam",
    "learning_rate": 0.05210376258733825
}
