{
    "units": [
        10,
        4,
        9
    ],
    "dropout": [
        0.22505527164674383,
        0.2560565832001884,
        0.26066107657712506
    ],
    "n_layers": 3,
    "optimizer": "Adam",
    "learning_rate": 0.011902209797036583
}
