{
    "units": [
        5
    ],
    "dropout": [
        0.29203766641972284
    ],
    "n_layers": 1,
    "optimizer": "Adam",
    "learning_rate": 0.020697214833785244
}
