{
    "units": [
        9
    ],
    "dropout": [
        0.10046375405221021
    ],
    "n_layers": 1,
    "optimizer": "SGD",
    "learning_rate": 0.03967456500983869
}
