{
    "units": [
        3,
        3,
        2
    ],
    "dropout": [
        0.11033174377603044,
        0.26926779107766713,
        0.28786013132427846
    ],
    "n_layers": 3,
    "optimizer": "RMSprop",
    "learning_rate": 0.006835613497759197
}
