{
    "units": [
        9,
        10,
        7
    ],
    "dropout": [
        0.29842258030093327,
        0.2647031838225927,
        0.17869413001840134
    ],
    "n_layers": 3,
    "optimizer": "RMSprop",
    "learning_rate": 0.0062835691301222334
}
