{
    "units": [
        6
    ],
    "dropout": [
        0.2564052183406206
    ],
    "n_layers": 1,
    "optimizer": "SGD",
    "learning_rate": 0.0990825310552702
}
