{
    "units": [
        9,
        4,
        9
    ],
    "dropout": [
        0.2419861531870082,
        0.3938662678034859,
        0.26922869804567984
    ],
    "n_layers": 3,
    "optimizer": "Adam",
    "learning_rate": 0.010306806716890882
}
