{
    "units": [
        6,
        8,
        3
    ],
    "dropout": [
        0.17087422281682182,
        0.352618699012338,
        0.2012282686634465
    ],
    "n_layers": 3,
    "optimizer": "Adam",
    "learning_rate": 0.012381069334652703
}
