{
    "units": [
        10
    ],
    "dropout": [
        0.1779576599052673
    ],
    "n_layers": 1,
    "optimizer": "Adam",
    "learning_rate": 0.014424318360210677
}
