{
    "units": [
        8
    ],
    "dropout": [
        0.1461214322972177
    ],
    "n_layers": 1,
    "optimizer": "SGD",
    "learning_rate": 0.0855678333317432
}
