{
    "units": [
        4
    ],
    "dropout": [
        0.19197617201675743
    ],
    "n_layers": 1,
    "optimizer": "Adam",
    "learning_rate": 0.032666611501255834
}
