{
    "units": [
        5,
        10,
        5
    ],
    "dropout": [
        0.3173407381412413,
        0.14302937573490332,
        0.3082642656592989
    ],
    "n_layers": 3,
    "optimizer": "RMSprop",
    "learning_rate": 0.004280772497526504
}
