{
    "units": [
        10,
        9,
        7
    ],
    "dropout": [
        0.3617631002896291,
        0.25703171840694217,
        0.15362034796396565
    ],
    "n_layers": 3,
    "optimizer": "Adam",
    "learning_rate": 0.04560378420894965
}
