{
    "units": [
        8,
        2,
        8
    ],
    "dropout": [
        0.19234840623062732,
        0.2754793032398565,
        0.17019126315812771
    ],
    "n_layers": 3,
    "optimizer": "RMSprop",
    "learning_rate": 0.002336705028833921
}
