{
    "units": [
        2,
        7
    ],
    "dropout": [
        0.2048992407853054,
        0.3034531302919901
    ],
    "n_layers": 2,
    "optimizer": "Adam",
    "learning_rate": 0.0029495058161522238
}
