{
    "units": [
        4
    ],
    "dropout": [
        0.3732649475387634
    ],
    "n_layers": 1,
    "optimizer": "Adam",
    "learning_rate": 0.06301258193077945
}
