{
    "units": [
        10,
        9
    ],
    "dropout": [
        0.28962657369795597,
        0.1356948567967941
    ],
    "n_layers": 2,
    "optimizer": "RMSprop",
    "learning_rate": 0.006695415238932139
}
