{
    "units": [
        5
    ],
    "dropout": [
        0.10725725611998538
    ],
    "n_layers": 1,
    "optimizer": "RMSprop",
    "learning_rate": 0.014437159367057868
}
