{
    "units": [
        3,
        2,
        10
    ],
    "dropout": [
        0.3108507961905981,
        0.14147891286561512,
        0.35851245171754575
    ],
    "n_layers": 3,
    "optimizer": "Adam",
    "learning_rate": 0.03506889011182987
}
