{
    "units": [
        8,
        4,
        7
    ],
    "dropout": [
        0.3075972876655671,
        0.1921933142458911,
        0.15751894538492767
    ],
    "n_layers": 3,
    "optimizer": "RMSprop",
    "learning_rate": 0.012015293599020177
}
