{
    "units": [
        10
    ],
    "dropout": [
        0.156365509640214
    ],
    "n_layers": 1,
    "optimizer": "SGD",
    "learning_rate": 0.08399135452346944
}
