{
    "units": [
        2,
        3
    ],
    "dropout": [
        0.1141516094646162,
        0.20021728010762674
    ],
    "n_layers": 2,
    "optimizer": "Adam",
    "learning_rate": 0.0594805276841506
}
