{
    "units": [
        5
    ],
    "dropout": [
        0.22546677988207786
    ],
    "n_layers": 1,
    "optimizer": "Adam",
    "learning_rate": 0.04375900037913472
}
