{
    "units": [
        7,
        3,
        3
    ],
    "dropout": [
        0.1444680611299948,
        0.2487875849676934,
        0.20032637871662867
    ],
    "n_layers": 3,
    "optimizer": "Adam",
    "learning_rate": 0.004951702368312551
}
