{
    "units": [
        4
    ],
    "dropout": [
        0.2085420935456164
    ],
    "n_layers": 1,
    "optimizer": "Adam",
    "learning_rate": 0.07583787748600213
}
