{
    "units": [
        10,
        4,
        4
    ],
    "dropout": [
        0.32367912497343465,
        0.15010645323379096,
        0.34045921076238583
    ],
    "n_layers": 3,
    "optimizer": "Adam",
    "learning_rate": 0.03050336416860425
}
