{
    "units": [
        4,
        6
    ],
    "dropout": [
        0.24874438828825204,
        0.20084435557799712
    ],
    "n_layers": 2,
    "optimizer": "RMSprop",
    "learning_rate": 0.0030481347701102755
}
