{
    "units": [
        2
    ],
    "dropout": [
        0.10034139016212079
    ],
    "n_layers": 1,
    "optimizer": "SGD",
    "learning_rate": 0.07932120440122283
}
