{
    "units": [
        7,
        9,
        7
    ],
    "dropout": [
        0.3990890975305946,
        0.27584779176680374,
        0.39938971647744725
    ],
    "n_layers": 3,
    "optimizer": "Adam",
    "learning_rate": 0.01589793748966177
}
