{
    "units": [
        8
    ],
    "dropout": [
        0.2943576758227623
    ],
    "n_layers": 1,
    "optimizer": "SGD",
    "learning_rate": 0.07872670655276488
}
