{
    "units": [
        6,
        6
    ],
    "dropout": [
        0.3448490324859915,
        0.12907744092143503
    ],
    "n_layers": 2,
    "optimizer": "SGD",
    "learning_rate": 0.08528536160671181
}
