{
    "units": [
        8,
        2
    ],
    "dropout": [
        0.3149802611865212,
        0.2472737982509579
    ],
    "n_layers": 2,
    "optimizer": "RMSprop",
    "learning_rate": 0.01350311364775846
}
