{
    "units": [
        10
    ],
    "dropout": [
        0.3470014939280563
    ],
    "n_layers": 1,
    "optimizer": "SGD",
    "learning_rate": 0.08258265058071959
}
