{
    "units": [
        6,
        10
    ],
    "dropout": [
        0.22212748924892817,
        0.23748041132007927
    ],
    "n_layers": 2,
    "optimizer": "RMSprop",
    "learning_rate": 0.011061806707893997
}
