{
    "units": [
        7,
        5
    ],
    "dropout": [
        0.274558191407328,
        0.20058155272667538
    ],
    "n_layers": 2,
    "optimizer": "SGD",
    "learning_rate": 0.09263578468266649
}
