{
    "units": [
        6
    ],
    "dropout": [
        0.21539657714204524
    ],
    "n_layers": 1,
    "optimizer": "Adam",
    "learning_rate": 0.025572595768598206
}
