{
    "units": [
        6
    ],
    "dropout": [
        0.32678014701281344
    ],
    "n_layers": 1,
    "optimizer": "SGD",
    "learning_rate": 0.0722859798630838
}
