{
    "units": [
        10,
        3,
        8
    ],
    "dropout": [
        0.18853165708359754,
        0.1688340522512632,
        0.12844629182398226
    ],
    "n_layers": 3,
    "optimizer": "Adam",
    "learning_rate": 0.032962048091067564
}
