{
    "units": [
        2
    ],
    "dropout": [
        0.1578710611520586
    ],
    "n_layers": 1,
    "optimizer": "Adam",
    "learning_rate": 0.06605122307759301
}
