{
    "units": [
        8,
        2
    ],
    "dropout": [
        0.14746566277031387,
        0.28700521150036407
    ],
    "n_layers": 2,
    "optimizer": "SGD",
    "learning_rate": 0.07510384648952277
}
