{
    "units": [
        3,
        9,
        5
    ],
    "dropout": [
        0.3889876777957739,
        0.25758100284271257,
        0.24447863983439475
    ],
    "n_layers": 3,
    "optimizer": "Adam",
    "learning_rate": 0.018064756418084478
}
