{
    "units": [
        9
    ],
    "dropout": [
        0.37308415879734713
    ],
    "n_layers": 1,
    "optimizer": "RMSprop",
    "learning_rate": 0.024615693012737694
}
