{
    "units": [
        10,
        5,
        8
    ],
    "dropout": [
        0.25321192113920593,
        0.26439935496243816,
        0.16569417756002425
    ],
    "n_layers": 3,
    "optimizer": "Adam",
    "learning_rate": 0.0218387279996112
}
