{
    "units": [
        7,
        3,
        8
    ],
    "dropout": [
        0.184155511847609,
        0.39154298188824066,
        0.12419968560947636
    ],
    "n_layers": 3,
    "optimizer": "Adam",
    "learning_rate": 0.017392724320517663
}
