{
    "units": [
        2,
        8
    ],
    "dropout": [
        0.3173021537320253,
        0.21903432267078948
    ],
    "n_layers": 2,
    "optimizer": "Adam",
    "learning_rate": 0.005939936542252476
}
