{
    "units": [
        6
    ],
    "dropout": [
        0.1106077237783948
    ],
    "n_layers": 1,
    "optimizer": "Adam",
    "learning_rate": 0.013283690836178112
}
