{
    "units": [
        10,
        7,
        2
    ],
    "dropout": [
        0.1169645167215197,
        0.1644322558124961,
        0.27492393066022935
    ],
    "n_layers": 3,
    "optimizer": "Adam",
    "learning_rate": 0.028074674921761016
}
