{
    "units": [
        7,
        3
    ],
    "dropout": [
        0.11702287772279102,
        0.3392459299888151
    ],
    "n_layers": 2,
    "optimizer": "RMSprop",
    "learning_rate": 0.007718319775432036
}
