{
    "units": [
        10
    ],
    "dropout": [
        0.1790762387129889
    ],
    "n_layers": 1,
    "optimizer": "SGD",
    "learning_rate": 0.091249028902194
}
