{
    "units": [
        5,
        7
    ],
    "dropout": [
        0.3243926172619578,
        0.38706301998667614
    ],
    "n_layers": 2,
    "optimizer": "Adam",
    "learning_rate": 0.025860678228499273
}
