{
    "units": [
        2,
        7
    ],
    "dropout": [
        0.36810225780296935,
        0.28956917195153475
    ],
    "n_layers": 2,
    "optimizer": "Adam",
    "learning_rate": 0.010073285199356177
}
