{
    "units": [
        8
    ],
    "dropout": [
        0.3711242689600769
    ],
    "n_layers": 1,
    "optimizer": "Adam",
    "learning_rate": 0.05533088082047517
}
