{
    "units": [
        8
    ],
    "dropout": [
        0.24524694507663544
    ],
    "n_layers": 1,
    "optimizer": "SGD",
    "learning_rate": 0.09278815245232051
}
