{
    "units": [
        5,
        3
    ],
    "dropout": [
        0.2117296911586497,
        0.2916805695133683
    ],
    "n_layers": 2,
    "optimizer": "Adam",
    "learning_rate": 0.022066232300754295
}
