{
    "units": [
        4,
        4
    ],
    "dropout": [
        0.15003449315437575,
        0.3804735914558789
    ],
    "n_layers": 2,
    "optimizer": "Adam",
    "learning_rate": 0.061696475306161604
}
