{
    "units": [
        7,
        9
    ],
    "dropout": [
        0.32329320327564254,
        0.23200646174880216
    ],
    "n_layers": 2,
    "optimizer": "Adam",
    "learning_rate": 0.05802630465610006
}
