{
    "units": [
        9
    ],
    "dropout": [
        0.23318608962058232
    ],
    "n_layers": 1,
    "optimizer": "Adam",
    "learning_rate": 0.0648054734766016
}
