{
    "units": [
        2
    ],
    "dropout": [
        0.18533986186842283
    ],
    "n_layers": 1,
    "optimizer": "Adam",
    "learning_rate": 0.02156599464767256
}
