{
    "units": [
        8
    ],
    "dropout": [
        0.126937205278627
    ],
    "n_layers": 1,
    "optimizer": "RMSprop",
    "learning_rate": 0.0017280690694072315
}
