{
    "units": [
        8
    ],
    "dropout": [
        0.22085673640572587
    ],
    "n_layers": 1,
    "optimizer": "RMSprop",
    "learning_rate": 0.010872790622155685
}
