{
    "units": [
        8
    ],
    "dropout": [
        0.27149709219118723
    ],
    "n_layers": 1,
    "optimizer": "RMSprop",
    "learning_rate": 0.001762140480207063
}
