{
    "units": [
        5
    ],
    "dropout": [
        0.22597699098009214
    ],
    "n_layers": 1,
    "optimizer": "Adam",
    "learning_rate": 0.055889055131837125
}
