{
    "units": [
        7,
        5,
        5
    ],
    "dropout": [
        0.383570965574658,
        0.27670781968612995,
        0.22357489010937392
    ],
    "n_layers": 3,
    "optimizer": "Adam",
    "learning_rate": 0.038088228805005286
}
