{
    "units": [
        4,
        10,
        5
    ],
    "dropout": [
        0.11415911488041246,
        0.16410534410481606,
        0.39630414170446915
    ],
    "n_layers": 3,
    "optimizer": "RMSprop",
    "learning_rate": 0.0148799462193163
}
