{
    "units": [
        10,
        5
    ],
    "dropout": [
        0.3576323654067044,
        0.2729775379072822
    ],
    "n_layers": 2,
    "optimizer": "Adam",
    "learning_rate": 0.014380260432503964
}
