{
    "units": [
        9,
        10
    ],
    "dropout": [
        0.3528254820126504,
        0.15961131461938954
    ],
    "n_layers": 2,
    "optimizer": "Adam",
    "learning_rate": 0.025264132352220782
}
