{
    "units": [
        8,
        5
    ],
    "dropout": [
        0.13975409990008222,
        0.22815979778515938
    ],
    "n_layers": 2,
    "optimizer": "Adam",
    "learning_rate": 0.09438416162761988
}
