{
    "units": [
        8
    ],
    "dropout": [
        0.20895519400416002
    ],
    "n_layers": 1,
    "optimizer": "Adam",
    "learning_rate": 0.0018746569377555188
}
