{
    "units": [
        4,
        8,
        4
    ],
    "dropout": [
        0.3734088090921741,
        0.3650929621350676,
        0.17622954807645813
    ],
    "n_layers": 3,
    "optimizer": "Adam",
    "learning_rate": 0.00638142991426005
}
