{
    "units": [
        8
    ],
    "dropout": [
        0.12158003331915607
    ],
    "n_layers": 1,
    "optimizer": "SGD",
    "learning_rate": 0.090550156819131
}
