{
    "units": [
        7
    ],
    "dropout": [
        0.19286895296095163
    ],
    "n_layers": 1,
    "optimizer": "SGD",
    "learning_rate": 0.06806903954407335
}
