{
    "units": [
        4,
        3
    ],
    "dropout": [
        0.2041185035307274,
        0.2456861647760867
    ],
    "n_layers": 2,
    "optimizer": "Adam",
    "learning_rate": 0.0070158721350585505
}
