{
    "units": [
        5
    ],
    "dropout": [
        0.2490675145993077
    ],
    "n_layers": 1,
    "optimizer": "Adam",
    "learning_rate": 0.04401229899754303
}
