{
    "units": [
        8,
        8,
        6
    ],
    "dropout": [
        0.22456450430393932,
        0.3631308075656855,
        0.2334415914281567
    ],
    "n_layers": 3,
    "optimizer": "Adam",
    "learning_rate": 0.05351781274505994
}
