{
    "units": [
        5
    ],
    "dropout": [
        0.32301320124242106
    ],
    "n_layers": 1,
    "optimizer": "SGD",
    "learning_rate": 0.07766483317429264
}
