{
    "units": [
        3
    ],
    "dropout": [
        0.12611293095081572
    ],
    "n_layers": 1,
    "optimizer": "Adam",
    "learning_rate": 0.08793066779388867
}
