{
    "units": [
        4
    ],
    "dropout": [
        0.28002305621664925
    ],
    "n_layers": 1,
    "optimizer": "SGD",
    "learning_rate": 0.09024211934642554
}
