{
    "units": [
        3
    ],
    "dropout": [
        0.132332831772907
    ],
    "n_layers": 1,
    "optimizer": "Adam",
    "learning_rate": 0.04238235496402162
}
