{
    "units": [
        7,
        6,
        5
    ],
    "dropout": [
        0.28310410324875707,
        0.2896075230393337,
        0.22210871527461584
    ],
    "n_layers": 3,
    "optimizer": "Adam",
    "learning_rate": 0.015417034577947287
}
