{
    "units": [
        4,
        6
    ],
    "dropout": [
        0.26817706387282914,
        0.11527795230869804
    ],
    "n_layers": 2,
    "optimizer": "Adam",
    "learning_rate": 0.012731171749023187
}
