{
    "units": [
        9
    ],
    "dropout": [
        0.21257067152800715
    ],
    "n_layers": 1,
    "optimizer": "SGD",
    "learning_rate": 0.03700709686614326
}
