{
    "units": [
        9,
        5
    ],
    "dropout": [
        0.33082421922492733,
        0.25286242822283456
    ],
    "n_layers": 2,
    "optimizer": "SGD",
    "learning_rate": 0.0853534929066416
}
