{
    "units": [
        9,
        5
    ],
    "dropout": [
        0.255046390122765,
        0.25830901197607836
    ],
    "n_layers": 2,
    "optimizer": "Adam",
    "learning_rate": 0.0024083202749218416
}
