{
    "units": [
        4,
        3,
        3
    ],
    "dropout": [
        0.13172505180513097,
        0.34686471771690935,
        0.3578361545445845
    ],
    "n_layers": 3,
    "optimizer": "Adam",
    "learning_rate": 0.005753898742272711
}
