{
    "units": [
        2
    ],
    "dropout": [
        0.30769528341826424
    ],
    "n_layers": 1,
    "optimizer": "RMSprop",
    "learning_rate": 0.009851719771026418
}
