{
    "units": [
        5
    ],
    "dropout": [
        0.1152017278157168
    ],
    "n_layers": 1,
    "optimizer": "SGD",
    "learning_rate": 0.08337574426464067
}
