{
    "units": [
        10
    ],
    "dropout": [
        0.3740683221000686
    ],
    "n_layers": 1,
    "optimizer": "Adam",
    "learning_rate": 0.001303405676145065
}
