{
    "units": [
        8
    ],
    "dropout": [
        0.38543344849254657
    ],
    "n_layers": 1,
    "optimizer": "Adam",
    "learning_rate": 0.014228722388681826
}
