{
    "units": [
        5
    ],
    "dropout": [
        0.36243313550722045
    ],
    "n_layers": 1,
    "optimizer": "Adam",
    "learning_rate": 0.005836200124446454
}
