{
    "units": [
        8
    ],
    "dropout": [
        0.1400247882964275
    ],
    "n_layers": 1,
    "optimizer": "SGD",
    "learning_rate": 0.09471866672725587
}
