{
    "units": [
        7,
        5
    ],
    "dropout": [
        0.20410677569900895,
        0.19150662068523205
    ],
    "n_layers": 2,
    "optimizer": "Adam",
    "learning_rate": 0.024887019043978227
}
