{
    "units": [
        8
    ],
    "dropout": [
        0.34926076837978165
    ],
    "n_layers": 1,
    "optimizer": "SGD",
    "learning_rate": 0.032618104909260585
}
