{
    "units": [
        3,
        9,
        8
    ],
    "dropout": [
        0.3519916199982175,
        0.1376823498393719,
        0.38987196776049304
    ],
    "n_layers": 3,
    "optimizer": "SGD",
    "learning_rate": 0.060829044064569626
}
