{
    "units": [
        5
    ],
    "dropout": [
        0.17164914827023184
    ],
    "n_layers": 1,
    "optimizer": "Adam",
    "learning_rate": 0.03848147953100181
}
