{
    "units": [
        3
    ],
    "dropout": [
        0.3589403181532529
    ],
    "n_layers": 1,
    "optimizer": "Adam",
    "learning_rate": 0.003290941760285336
}
