{
    "units": [
        6,
        10,
        9
    ],
    "dropout": [
        0.36265118869394786,
        0.3079091304034165,
        0.36100831229247243
    ],
    "n_layers": 3,
    "optimizer": "SGD",
    "learning_rate": 0.08902770413259302
}
