{
    "units": [
        2
    ],
    "dropout": [
        0.2694716455140038
    ],
    "n_layers": 1,
    "optimizer": "RMSprop",
    "learning_rate": 0.00805008629389487
}
