{
    "units": [
        6,
        5
    ],
    "dropout": [
        0.20324153882558596,
        0.11286356094031484
    ],
    "n_layers": 2,
    "optimizer": "RMSprop",
    "learning_rate": 0.0006625840984552162
}
