{
    "units": [
        7
    ],
    "dropout": [
        0.20011600448138472
    ],
    "n_layers": 1,
    "optimizer": "SGD",
    "learning_rate": 0.09358496357347078
}
