{
    "units": [
        8,
        6,
        6
    ],
    "dropout": [
        0.32776159074520567,
        0.24424828493753625,
        0.107959478992596
    ],
    "n_layers": 3,
    "optimizer": "RMSprop",
    "learning_rate": 0.008068882936418196
}
