{
    "units": [
        8,
        6,
        2
    ],
    "dropout": [
        0.2794686428282192,
        0.2632782675580212,
        0.32896934383497023
    ],
    "n_layers": 3,
    "optimizer": "Adam",
    "learning_rate": 0.037435037514506754
}
