{
    "units": [
        4,
        4
    ],
    "dropout": [
        0.25614481490885327,
        0.1961621036778261
    ],
    "n_layers": 2,
    "optimizer": "Adam",
    "learning_rate": 0.046662470944670124
}
