{
    "units": [
        2,
        5
    ],
    "dropout": [
        0.13452784042980603,
        0.18573103195325205
    ],
    "n_layers": 2,
    "optimizer": "Adam",
    "learning_rate": 0.043120688228700535
}
