{
    "units": [
        8,
        7
    ],
    "dropout": [
        0.12040537280825503,
        0.15228070972367147
    ],
    "n_layers": 2,
    "optimizer": "Adam",
    "learning_rate": 0.003029055406223212
}
