{
    "units": [
        10,
        7,
        7
    ],
    "dropout": [
        0.13785493539953603,
        0.3133351712206325,
        0.16982964654025062
    ],
    "n_layers": 3,
    "optimizer": "SGD",
    "learning_rate": 0.07003683302982391
}
