{
    "units": [
        5,
        8,
        10
    ],
    "dropout": [
        0.19260536722058824,
        0.10065016505256252,
        0.10584233561706914
    ],
    "n_layers": 3,
    "optimizer": "RMSprop",
    "learning_rate": 0.014001127885368959
}
