{
    "units": [
        4,
        6
    ],
    "dropout": [
        0.19357390464456187,
        0.1798806980961589
    ],
    "n_layers": 2,
    "optimizer": "SGD",
    "learning_rate": 0.08657018884002635
}
