{
    "units": [
        6,
        3
    ],
    "dropout": [
        0.23524957331356727,
        0.27587518375009357
    ],
    "n_layers": 2,
    "optimizer": "SGD",
    "learning_rate": 0.07288647526248135
}
