{
    "units": [
        8
    ],
    "dropout": [
        0.16470188956575899
    ],
    "n_layers": 1,
    "optimizer": "SGD",
    "learning_rate": 0.054125412152057704
}
