{
    "units": [
        10
    ],
    "dropout": [
        0.12057059905290139
    ],
    "n_layers": 1,
    "optimizer": "SGD",
    "learning_rate": 0.06963689262300346
}
