{
    "units": [
        7
    ],
    "dropout": [
        0.22063123679560062
    ],
    "n_layers": 1,
    "optimizer": "SGD",
    "learning_rate": 0.06687983802813287
}
