{
    "units": [
        9
    ],
    "dropout": [
        0.19204221318922432
    ],
    "n_layers": 1,
    "optimizer": "SGD",
    "learning_rate": 0.09470502019516926
}
