{
    "units": [
        10,
        8
    ],
    "dropout": [
        0.1943298004907707,
        0.18715000151802824
    ],
    "n_layers": 2,
    "optimizer": "SGD",
    "learning_rate": 0.09259556634221258
}
