{
    "units": [
        4,
        8
    ],
    "dropout": [
        0.34487012499025527,
        0.32639689977507036
    ],
    "n_layers": 2,
    "optimizer": "Adam",
    "learning_rate": 0.019757774868212622
}
