{
    "units": [
        10
    ],
    "dropout": [
        0.10609601927078198
    ],
    "n_layers": 1,
    "optimizer": "SGD",
    "learning_rate": 0.0990768676534355
}
