{
    "units": [
        10
    ],
    "dropout": [
        0.38115650150994995
    ],
    "n_layers": 1,
    "optimizer": "Adam",
    "learning_rate": 0.004441805920830996
}
