{
    "units": [
        9,
        9
    ],
    "dropout": [
        0.1912683418128857,
        0.19200445585100823
    ],
    "n_layers": 2,
    "optimizer": "SGD",
    "learning_rate": 0.05738213090816671
}
