{
    "units": [
        7
    ],
    "dropout": [
        0.3372455845773987
    ],
    "n_layers": 1,
    "optimizer": "Adam",
    "learning_rate": 0.006573308228820375
}
