{
    "units": [
        10
    ],
    "dropout": [
        0.2872022650417772
    ],
    "n_layers": 1,
    "optimizer": "Adam",
    "learning_rate": 0.02427146001954913
}
