{
    "units": [
        7
    ],
    "dropout": [
        0.2832518054219261
    ],
    "n_layers": 1,
    "optimizer": "Adam",
    "learning_rate": 0.08950188618918135
}
