{
    "units": [
        8,
        2,
        10
    ],
    "dropout": [
        0.30383962511589924,
        0.1620326858898665,
        0.336989395935368
    ],
    "n_layers": 3,
    "optimizer": "RMSprop",
    "learning_rate": 0.009239423347778502
}
