{
    "units": [
        10
    ],
    "dropout": [
        0.23039426191232668
    ],
    "n_layers": 1,
    "optimizer": "Adam",
    "learning_rate": 0.0027102558498277303
}
