{
    "units": [
        3,
        6
    ],
    "dropout": [
        0.29596272275267566,
        0.10880867920360485
    ],
    "n_layers": 2,
    "optimizer": "Adam",
    "learning_rate": 0.016957785843222644
}
