{
    "units": [
        8
    ],
    "dropout": [
        0.2315254462595918
    ],
    "n_layers": 1,
    "optimizer": "Adam",
    "learning_rate": 0.03585972094442186
}
