{
    "units": [
        2,
        7
    ],
    "dropout": [
        0.2247702682012544,
        0.3192030445635936
    ],
    "n_layers": 2,
    "optimizer": "Adam",
    "learning_rate": 0.030672487125773886
}
