{
    "units": [
        5
    ],
    "dropout": [
        0.13866308032523683
    ],
    "n_layers": 1,
    "optimizer": "Adam",
    "learning_rate": 0.04809318176997106
}
