{
    "units": [
        9
    ],
    "dropout": [
        0.3106177932206867
    ],
    "n_layers": 1,
    "optimizer": "SGD",
    "learning_rate": 0.07388105129895332
}
