{
    "units": [
        7,
        5
    ],
    "dropout": [
        0.3089561541258702,
        0.10637291789869191
    ],
    "n_layers": 2,
    "optimizer": "RMSprop",
    "learning_rate": 0.0012786455259146232
}
