{
    "units": [
        7
    ],
    "dropout": [
        0.39887480548460164
    ],
    "n_layers": 1,
    "optimizer": "RMSprop",
    "learning_rate": 0.0044403207747661716
}
