{
    "units": [
        4,
        5,
        6
    ],
    "dropout": [
        0.183259039522367,
        0.37694482284139386,
        0.2165051859134244
    ],
    "n_layers": 3,
    "optimizer": "Adam",
    "learning_rate": 0.01671075256317501
}
