{
    "units": [
        8,
        8,
        3
    ],
    "dropout": [
        0.2993351738857388,
        0.38469566413860945,
        0.3131702666678636
    ],
    "n_layers": 3,
    "optimizer": "Adam",
    "learning_rate": 0.008011729937265457
}
