{
    "units": [
        5
    ],
    "dropout": [
        0.25970846381206597
    ],
    "n_layers": 1,
    "optimizer": "SGD",
    "learning_rate": 0.030428028870377995
}
