{
    "units": [
        3
    ],
    "dropout": [
        0.16477372330523
    ],
    "n_layers": 1,
    "optimizer": "SGD",
    "learning_rate": 0.07339183289734402
}
