{
    "units": [
        7
    ],
    "dropout": [
        0.21990067232713595
    ],
    "n_layers": 1,
    "optimizer": "RMSprop",
    "learning_rate": 0.0058299470054953735
}
