{
    "units": [
        7
    ],
    "dropout": [
        0.2648299479504914
    ],
    "n_layers": 1,
    "optimizer": "Adam",
    "learning_rate": 0.020927710409155777
}
