{
    "units": [
        5
    ],
    "dropout": [
        0.3533117973746748
    ],
    "n_layers": 1,
    "optimizer": "Adam",
    "learning_rate": 0.01987525810516919
}
