{
    "units": [
        2
    ],
    "dropout": [
        0.3374804482301602
    ],
    "n_layers": 1,
    "optimizer": "Adam",
    "learning_rate": 0.01844787507320589
}
