{
    "units": [
        2
    ],
    "dropout": [
        0.1439749652810996
    ],
    "n_layers": 1,
    "optimizer": "Adam",
    "learning_rate": 0.006437872481749375
}
