{
    "units": [
        3,
        2
    ],
    "dropout": [
        0.3845680674261024,
        0.16538451656913844
    ],
    "n_layers": 2,
    "optimizer": "Adam",
    "learning_rate": 0.04734437977540978
}
