{
    "units": [
        9,
        2,
        10
    ],
    "dropout": [
        0.1991872718399554,
        0.13708980927580922,
        0.32048002832532696
    ],
    "n_layers": 3,
    "optimizer": "Adam",
    "learning_rate": 0.05807972683347499
}
