{
    "units": [
        5,
        4
    ],
    "dropout": [
        0.2160861685691804,
        0.11710635153619031
    ],
    "n_layers": 2,
    "optimizer": "Adam",
    "learning_rate": 0.010014714429473085
}
