{
    "units": [
        5,
        3
    ],
    "dropout": [
        0.34949390417157045,
        0.21396317160556882
    ],
    "n_layers": 2,
    "optimizer": "Adam",
    "learning_rate": 0.04696801930219341
}
