{
    "units": [
        9,
        4
    ],
    "dropout": [
        0.3916116405358039,
        0.3302820307871764
    ],
    "n_layers": 2,
    "optimizer": "RMSprop",
    "learning_rate": 0.004267898851037326
}
