{
    "units": [
        9
    ],
    "dropout": [
        0.32251044471969265
    ],
    "n_layers": 1,
    "optimizer": "Adam",
    "learning_rate": 0.02426567487716843
}
