{
    "units": [
        2
    ],
    "dropout": [
        0.249113405117736
    ],
    "n_layers": 1,
    "optimizer": "SGD",
    "learning_rate": 0.0839674409665817
}
