{
    "units": [
        10
    ],
    "dropout": [
        0.2314564577531046
    ],
    "n_layers": 1,
    "optimizer": "SGD",
    "learning_rate": 0.05746721679246755
}
