{
    "units": [
        9,
        5
    ],
    "dropout": [
        0.1948307670788797,
        0.15649412477025273
    ],
    "n_layers": 2,
    "optimizer": "Adam",
    "learning_rate": 0.04919634394676007
}
