{
    "units": [
        5
    ],
    "dropout": [
        0.10557761196757678
    ],
    "n_layers": 1,
    "optimizer": "SGD",
    "learning_rate": 0.06881505287253765
}
