{
    "units": [
        6,
        10
    ],
    "dropout": [
        0.23115733897083113,
        0.22235140505103723
    ],
    "n_layers": 2,
    "optimizer": "Adam",
    "learning_rate": 0.03411891237675716
}
