{
    "units": [
        4
    ],
    "dropout": [
        0.19247493577366603
    ],
    "n_layers": 1,
    "optimizer": "Adam",
    "learning_rate": 0.00500924377806883
}
