{
    "units": [
        9,
        9
    ],
    "dropout": [
        0.10465213168662185,
        0.11109253470117583
    ],
    "n_layers": 2,
    "optimizer": "Adam",
    "learning_rate": 0.014170735430887963
}
