{
    "units": [
        4
    ],
    "dropout": [
        0.13408126269362577
    ],
    "n_layers": 1,
    "optimizer": "SGD",
    "learning_rate": 0.04964409201181185
}
