{
    "units": [
        9
    ],
    "dropout": [
        0.32735857065505247
    ],
    "n_layers": 1,
    "optimizer": "Adam",
    "learning_rate": 0.01822681724665455
}
