{
    "units": [
        2
    ],
    "dropout": [
        0.2928022631780762
    ],
    "n_layers": 1,
    "optimizer": "Adam",
    "learning_rate": 0.05485407650241717
}
