{
    "units": [
        5,
        5
    ],
    "dropout": [
        0.20001529418874836,
        0.28569605797236014
    ],
    "n_layers": 2,
    "optimizer": "Adam",
    "learning_rate": 0.017544334984230896
}
