{
    "units": [
        10,
        7,
        4
    ],
    "dropout": [
        0.3097550039981176,
        0.12380423029789557,
        0.18161658300470584
    ],
    "n_layers": 3,
    "optimizer": "Adam",
    "learning_rate": 0.027905409165246704
}
