{
    "units": [
        10,
        10
    ],
    "dropout": [
        0.1450351172997773,
        0.14127208099384125
    ],
    "n_layers": 2,
    "optimizer": "RMSprop",
    "learning_rate": 0.004403317135623233
}
