{
    "units": [
        10,
        7,
        2
    ],
    "dropout": [
        0.37518741424467583,
        0.2539913147512537,
        0.18763217037202196
    ],
    "n_layers": 3,
    "optimizer": "Adam",
    "learning_rate": 0.02548077835538115
}
