{
    "units": [
        7,
        9
    ],
    "dropout": [
        0.1292022428180652,
        0.22647399461949652
    ],
    "n_layers": 2,
    "optimizer": "SGD",
    "learning_rate": 0.09169846614555548
}
