{
    "units": [
        9,
        8,
        7
    ],
    "dropout": [
        0.12966386032044155,
        0.15043727429683088,
        0.23106436037137268
    ],
    "n_layers": 3,
    "optimizer": "Adam",
    "learning_rate": 0.027689769288321463
}
