{
    "units": [
        10
    ],
    "dropout": [
        0.3700892146391347
    ],
    "n_layers": 1,
    "optimizer": "Adam",
    "learning_rate": 0.0023199621396585747
}
