{
    "units": [
        8
    ],
    "dropout": [
        0.38655879396589066
    ],
    "n_layers": 1,
    "optimizer": "SGD",
    "learning_rate": 0.07370934565355648
}
