{
    "units": [
        5,
        6
    ],
    "dropout": [
        0.17235909678085914,
        0.10009189934279587
    ],
    "n_layers": 2,
    "optimizer": "RMSprop",
    "learning_rate": 0.0032212656932210882
}
