{
    "units": [
        3
    ],
    "dropout": [
        0.2433683725022485
    ],
    "n_layers": 1,
    "optimizer": "Adam",
    "learning_rate": 0.03806764377589792
}
