{
    "units": [
        5,
        7
    ],
    "dropout": [
        0.21648882928359348,
        0.3615655625312615
    ],
    "n_layers": 2,
    "optimizer": "RMSprop",
    "learning_rate": 0.0026467249161748587
}
