{
    "units": [
        4,
        6,
        8
    ],
    "dropout": [
        0.14788564947546545,
        0.17781045989012734,
        0.22872211447258123
    ],
    "n_layers": 3,
    "optimizer": "Adam",
    "learning_rate": 0.01164512844944892
}
