{
    "units": [
        5
    ],
    "dropout": [
        0.12973662710880748
    ],
    "n_layers": 1,
    "optimizer": "RMSprop",
    "learning_rate": 0.01936860987608855
}
