{
    "units": [
        10,
        4,
        8
    ],
    "dropout": [
        0.29595713930717404,
        0.199338330748229,
        0.34920358058741174
    ],
    "n_layers": 3,
    "optimizer": "RMSprop",
    "learning_rate": 0.0014526716569144289
}
