{
    "units": [
        9,
        8,
        5
    ],
    "dropout": [
        0.3737998172409226,
        0.12490700583688155,
        0.19922162552585354
    ],
    "n_layers": 3,
    "optimizer": "RMSprop",
    "learning_rate": 0.006076425258952668
}
