{
    "units": [
        4,
        7
    ],
    "dropout": [
        0.3781805193274709,
        0.34836654171614095
    ],
    "n_layers": 2,
    "optimizer": "Adam",
    "learning_rate": 0.014618876195528522
}
