{
    "units": [
        9
    ],
    "dropout": [
        0.39689844340772995
    ],
    "n_layers": 1,
    "optimizer": "SGD",
    "learning_rate": 0.09607964953563047
}
