{
    "units": [
        8
    ],
    "dropout": [
        0.345824682495509
    ],
    "n_layers": 1,
    "optimizer": "SGD",
    "learning_rate": 0.07500895194994235
}
