{
    "units": [
        8,
        10
    ],
    "dropout": [
        0.15519664986944492,
        0.22639411851766403
    ],
    "n_layers": 2,
    "optimizer": "SGD",
    "learning_rate": 0.08916624227341018
}
