{
    "units": [
        9,
        7,
        3
    ],
    "dropout": [
        0.16107513020054037,
        0.28670116677464264,
        0.157579272055413
    ],
    "n_layers": 3,
    "optimizer": "RMSprop",
    "learning_rate": 0.010381041142335394
}
