{
    "units": [
        7
    ],
    "dropout": [
        0.23369940695811062
    ],
    "n_layers": 1,
    "optimizer": "SGD",
    "learning_rate": 0.06918600697812924
}
