{
    "units": [
        4
    ],
    "dropout": [
        0.17208804909557177
    ],
    "n_layers": 1,
    "optimizer": "RMSprop",
    "learning_rate": 0.006207851838864633
}
