{
    "units": [
        5
    ],
    "dropout": [
        0.30775667854695465
    ],
    "n_layers": 1,
    "optimizer": "Adam",
    "learning_rate": 0.037094712411388626
}
