{
    "units": [
        7,
        7
    ],
    "dropout": [
        0.3426697127690235,
        0.2053080440199384
    ],
    "n_layers": 2,
    "optimizer": "Adam",
    "learning_rate": 0.019205945325045267
}
