{
    "units": [
        6,
        3
    ],
    "dropout": [
        0.2300673514381352,
        0.18648715462679696
    ],
    "n_layers": 2,
    "optimizer": "RMSprop",
    "learning_rate": 0.01033382855074981
}
