{
    "units": [
        8,
        7,
        2
    ],
    "dropout": [
        0.1624580724453928,
        0.1432369872588115,
        0.3064731259433655
    ],
    "n_layers": 3,
    "optimizer": "RMSprop",
    "learning_rate": 0.010732858069991464
}
