{
    "units": [
        6,
        9,
        10
    ],
    "dropout": [
        0.1685367350507544,
        0.1490641943582891,
        0.18873114581933104
    ],
    "n_layers": 3,
    "optimizer": "Adam",
    "learning_rate": 0.022020670730334403
}
