{
    "units": [
        9,
        5,
        6
    ],
    "dropout": [
        0.39569882318519456,
        0.19923082671367648,
        0.2699743590450979
    ],
    "n_layers": 3,
    "optimizer": "Adam",
    "learning_rate": 0.07210607091971419
}
