{
    "units": [
        8,
        8
    ],
    "dropout": [
        0.2268012212709988,
        0.1668241043086396
    ],
    "n_layers": 2,
    "optimizer": "Adam",
    "learning_rate": 0.010906395020043898
}
