{
    "units": [
        9,
        2
    ],
    "dropout": [
        0.21773095298402664,
        0.13716623340474102
    ],
    "n_layers": 2,
    "optimizer": "RMSprop",
    "learning_rate": 0.0046768839464501714
}
