{
    "units": [
        7,
        5,
        3
    ],
    "dropout": [
        0.19495255448458365,
        0.3087923317673493,
        0.3014621968803701
    ],
    "n_layers": 3,
    "optimizer": "RMSprop",
    "learning_rate": 0.032285855923767405
}
