{
    "units": [
        2
    ],
    "dropout": [
        0.13101420791944013
    ],
    "n_layers": 1,
    "optimizer": "RMSprop",
    "learning_rate": 0.009760485791330252
}
