{
    "units": [
        5,
        5,
        7
    ],
    "dropout": [
        0.26431489467934655,
        0.31322337741219825,
        0.24927667137189488
    ],
    "n_layers": 3,
    "optimizer": "Adam",
    "learning_rate": 0.014427932442930263
}
