{
    "units": [
        4
    ],
    "dropout": [
        0.3261847571171941
    ],
    "n_layers": 1,
    "optimizer": "Adam",
    "learning_rate": 0.0725508663841381
}
