{
    "units": [
        7,
        7,
        9
    ],
    "dropout": [
        0.27528345446685365,
        0.11335152411745197,
        0.26400744662372455
    ],
    "n_layers": 3,
    "optimizer": "RMSprop",
    "learning_rate": 0.011203486794982847
}
