{
    "units": [
        7
    ],
    "dropout": [
        0.36624621271433366
    ],
    "n_layers": 1,
    "optimizer": "Adam",
    "learning_rate": 0.07769128553480985
}
