{
    "units": [
        5
    ],
    "dropout": [
        0.14553026113854045
    ],
    "n_layers": 1,
    "optimizer": "SGD",
    "learning_rate": 0.07537558463284807
}
