{
    "units": [
        3,
        10,
        9
    ],
    "dropout": [
        0.17166716525485481,
        0.3812636657280336,
        0.17554505337147683
    ],
    "n_layers": 3,
    "optimizer": "Adam",
    "learning_rate": 0.007452651334888088
}
