{
    "units": [
        10,
        5
    ],
    "dropout": [
        0.2670486689123579,
        0.29199167633941403
    ],
    "n_layers": 2,
    "optimizer": "Adam",
    "learning_rate": 0.01923312084062018
}
