{
    "units": [
        5,
        8,
        2
    ],
    "dropout": [
        0.17807585721054156,
        0.26778296206968166,
        0.2538826286350248
    ],
    "n_layers": 3,
    "optimizer": "Adam",
    "learning_rate": 0.012193884794826115
}
