{
    "units": [
        10,
        2
    ],
    "dropout": [
        0.2673681254441027,
        0.2749059041107469
    ],
    "n_layers": 2,
    "optimizer": "Adam",
    "learning_rate": 0.010544985742923188
}
