{
    "units": [
        8
    ],
    "dropout": [
        0.37227114620516444
    ],
    "n_layers": 1,
    "optimizer": "Adam",
    "learning_rate": 0.03677718935132832
}
