{
    "units": [
        3
    ],
    "dropout": [
        0.2264565542181935
    ],
    "n_layers": 1,
    "optimizer": "Adam",
    "learning_rate": 0.045720618667440927
}
