{
    "units": [
        10,
        7
    ],
    "dropout": [
        0.16222377980346184,
        0.16530533273116588
    ],
    "n_layers": 2,
    "optimizer": "Adam",
    "learning_rate": 0.06332626700265019
}
