{
    "units": [
        3,
        6
    ],
    "dropout": [
        0.2213627187550068,
        0.3703167709942198
    ],
    "n_layers": 2,
    "optimizer": "Adam",
    "learning_rate": 0.017305959646399124
}
