{
    "units": [
        9
    ],
    "dropout": [
        0.1662753996313155
    ],
    "n_layers": 1,
    "optimizer": "SGD",
    "learning_rate": 0.0902542535373366
}
