{
    "units": [
        9
    ],
    "dropout": [
        0.3197256697345584
    ],
    "n_layers": 1,
    "optimizer": "SGD",
    "learning_rate": 0.06844840487199903
}
