{
    "units": [
        10
    ],
    "dropout": [
        0.22590104348204412
    ],
    "n_layers": 1,
    "optimizer": "SGD",
    "learning_rate": 0.0786116890684043
}
