{
    "units": [
        8,
        10
    ],
    "dropout": [
        0.15008873635176964,
        0.23622676003700568
    ],
    "n_layers": 2,
    "optimizer": "Adam",
    "learning_rate": 0.0068811581968558425
}
