{
    "units": [
        3
    ],
    "dropout": [
        0.15051461274321185
    ],
    "n_layers": 1,
    "optimizer": "SGD",
    "learning_rate": 0.07807732242547012
}
