{
    "units": [
        6
    ],
    "dropout": [
        0.19616963906722928
    ],
    "n_layers": 1,
    "optimizer": "Adam",
    "learning_rate": 0.013425720101268161
}
