{
    "units": [
        3,
        8
    ],
    "dropout": [
        0.2965619893633836,
        0.18027001644518248
    ],
    "n_layers": 2,
    "optimizer": "Adam",
    "learning_rate": 0.030498110338708643
}
