{
    "units": [
        7,
        6
    ],
    "dropout": [
        0.3038380291052778,
        0.16586216932564724
    ],
    "n_layers": 2,
    "optimizer": "Adam",
    "learning_rate": 0.032745323284313
}
