{
    "units": [
        10,
        4
    ],
    "dropout": [
        0.3127100530633423,
        0.10996395015588234
    ],
    "n_layers": 2,
    "optimizer": "SGD",
    "learning_rate": 0.0961273084324662
}
