{
    "units": [
        6,
        2,
        3
    ],
    "dropout": [
        0.11244252297964208,
        0.20640085664767718,
        0.32894642718630873
    ],
    "n_layers": 3,
    "optimizer": "Adam",
    "learning_rate": 0.04645238697061388
}
