{
    "units": [
        6,
        5,
        9
    ],
    "dropout": [
        0.1093236313860206,
        0.12867970886564972,
        0.26510311655234153
    ],
    "n_layers": 3,
    "optimizer": "Adam",
    "learning_rate": 0.06550852882305996
}
