{
    "units": [
        8,
        8
    ],
    "dropout": [
        0.17057759964414299,
        0.2939631092123829
    ],
    "n_layers": 2,
    "optimizer": "RMSprop",
    "learning_rate": 0.01021442452556964
}
