{
    "units": [
        7
    ],
    "dropout": [
        0.3931441101163021
    ],
    "n_layers": 1,
    "optimizer": "RMSprop",
    "learning_rate": 0.015989291594273706
}
