{
    "units": [
        4
    ],
    "dropout": [
        0.2690314393591661
    ],
    "n_layers": 1,
    "optimizer": "Adam",
    "learning_rate": 0.04149923928505499
}
