{
    "units": [
        4
    ],
    "dropout": [
        0.35817032344707234
    ],
    "n_layers": 1,
    "optimizer": "Adam",
    "learning_rate": 0.06131495698735031
}
