{
    "units": [
        6
    ],
    "dropout": [
        0.3425126464327631
    ],
    "n_layers": 1,
    "optimizer": "Adam",
    "learning_rate": 0.06454029637991592
}
