{
    "units": [
        6,
        10,
        5
    ],
    "dropout": [
        0.24132801593365158,
        0.1361943984914485,
        0.27623607318215826
    ],
    "n_layers": 3,
    "optimizer": "SGD",
    "learning_rate": 0.06875425274551764
}
