{
    "units": [
        7
    ],
    "dropout": [
        0.3652575808405495
    ],
    "n_layers": 1,
    "optimizer": "Adam",
    "learning_rate": 0.02154449728878186
}
