{
    "units": [
        10,
        5,
        9
    ],
    "dropout": [
        0.21883979372884163,
        0.3678537431919118,
        0.37451698555587964
    ],
    "n_layers": 3,
    "optimizer": "Adam",
    "learning_rate": 0.001136448100637686
}
