{
    "units": [
        8
    ],
    "dropout": [
        0.3221066601298941
    ],
    "n_layers": 1,
    "optimizer": "RMSprop",
    "learning_rate": 0.011978198520986508
}
