{
    "units": [
        5
    ],
    "dropout": [
        0.3813840719419873
    ],
    "n_layers": 1,
    "optimizer": "Adam",
    "learning_rate": 0.08706046736837071
}
