{
    "units": [
        10
    ],
    "dropout": [
        0.13821263455922006
    ],
    "n_layers": 1,
    "optimizer": "SGD",
    "learning_rate": 0.06942309793403115
}
