{
    "units": [
        2
    ],
    "dropout": [
        0.2190458823780641
    ],
    "n_layers": 1,
    "optimizer": "Adam",
    "learning_rate": 0.029552431520936624
}
