{
    "units": [
        2,
        9
    ],
    "dropout": [
        0.20022926594319196,
        0.24989416888576912
    ],
    "n_layers": 2,
    "optimizer": "Adam",
    "learning_rate": 0.012586653367904882
}
