{
    "units": [
        6,
        3
    ],
    "dropout": [
        0.17367609115391813,
        0.29719608380826423
    ],
    "n_layers": 2,
    "optimizer": "Adam",
    "learning_rate": 0.028326061270624002
}
