{
    "units": [
        6
    ],
    "dropout": [
        0.25110040722282256
    ],
    "n_layers": 1,
    "optimizer": "SGD",
    "learning_rate": 0.08836892744443739
}
