{
    "units": [
        10
    ],
    "dropout": [
        0.2507067937074158
    ],
    "n_layers": 1,
    "optimizer": "SGD",
    "learning_rate": 0.07398062893964136
}
