{
    "units": [
        5,
        5
    ],
    "dropout": [
        0.33864601049174803,
        0.17565766989453208
    ],
    "n_layers": 2,
    "optimizer": "Adam",
    "learning_rate": 0.00855713290103992
}
