{
    "units": [
        2
    ],
    "dropout": [
        0.11280479240185215
    ],
    "n_layers": 1,
    "optimizer": "Adam",
    "learning_rate": 0.002592794345343692
}
