{
    "units": [
        9
    ],
    "dropout": [
        0.3566488710814182
    ],
    "n_layers": 1,
    "optimizer": "SGD",
    "learning_rate": 0.036423424948837796
}
