{
    "units": [
        8
    ],
    "dropout": [
        0.3044150342124045
    ],
    "n_layers": 1,
    "optimizer": "SGD",
    "learning_rate": 0.07186771967908363
}
