{
    "units": [
        5
    ],
    "dropout": [
        0.3892124359314483
    ],
    "n_layers": 1,
    "optimizer": "Adam",
    "learning_rate": 0.016964310759255984
}
