channel_feature_combinations_key,explained_variance,neg_mean_squared_error,r2,percent_change_in_negMSE_compared_to_all_channels,percent_change_in_explained_variance_compared_to_all_channels,percent_change_in_r2_compared_to_all_channels
All channels,0.40058275380105096,-0.01979577276919341,0.39297500649105505,-0.0,0.0,0.0
DNA removed,0.39090540714165295,-0.020333016178452734,0.38378288137983047,2.713929966378445,-2.4158170983577234,-2.3391118924591994
ER removed,0.3928630716143658,-0.020190633315555616,0.38553645186210045,1.994671038943708,-1.9271129656568156,-1.892882373200982
Gasdermin removed,0.3953212488746249,-0.020094431465544797,0.3881895514759146,1.5086993563401847,-1.3134626682004378,-1.217750476772208
Mito removed,0.3932826385574898,-0.02017086414906526,0.38599958606943147,1.894805442784104,-1.822373822709992,-1.775029023832424
PM removed,0.39077287491229623,-0.020350077543847152,0.38331492378687065,2.8001168790761377,-2.4489019548821607,-2.458192644474013
