oneb_Metadata_Treatment_Dose_Inhibitor_Dose,DMSO_0.1_DMSO_0.025,LPS_0.01_DMSO_0.025,LPS_0.1_DMSO_0.025,LPS_1.0_DMSO_0.025,LPS_10.0_DMSO_0.025,LPS_100.0_DMSO_0.025,Thapsigargin_1.0_DMSO_0.025,Thapsigargin_10.0_DMSO_0.025
DMSO_0.1_DMSO_0.025,1.0,0.5146506622332055,0.5094242207154044,0.33308660089759534,0.3893931678496062,0.3082785632398346,0.46779418720480226,0.6310591399264833
LPS_0.01_DMSO_0.025,0.5146506622332055,1.0,0.3297255874811282,0.26197013876113745,0.08569446465976681,0.024366909086507387,0.5039762100295623,0.4718576508051546
LPS_0.1_DMSO_0.025,0.5094242207154044,0.3297255874811282,1.0,0.48554071446304825,0.44660681848576045,0.3880346375253298,0.3001400982106698,0.37503940490833126
LPS_1.0_DMSO_0.025,0.33308660089759534,0.26197013876113745,0.48554071446304825,1.0,0.5806831005127439,0.5088958242624617,0.06784072323899916,0.2592423823491613
LPS_10.0_DMSO_0.025,0.3893931678496062,0.08569446465976681,0.44660681848576045,0.5806831005127439,1.0,0.6174163884244961,-0.011683746548026189,0.22830978012559913
LPS_100.0_DMSO_0.025,0.3082785632398346,0.024366909086507387,0.3880346375253298,0.5088958242624617,0.6174163884244961,1.0,0.004328806630318198,0.17802796493298828
Thapsigargin_1.0_DMSO_0.025,0.46779418720480226,0.5039762100295623,0.3001400982106698,0.06784072323899916,-0.011683746548026189,0.004328806630318198,1.0,0.46412332059889405
Thapsigargin_10.0_DMSO_0.025,0.6310591399264833,0.4718576508051546,0.37503940490833126,0.2592423823491613,0.22830978012559913,0.17802796493298828,0.46412332059889405,1.0
