{
    "units": [
        9,
        10,
        9
    ],
    "dropout": [
        0.37276985269075014,
        0.3747551557923906,
        0.28154989153895993
    ],
    "n_layers": 3,
    "optimizer": "Adam",
    "learning_rate": 0.08662399450371283
}
