{
    "units": [
        9,
        5
    ],
    "dropout": [
        0.2915177400886167,
        0.3735817693306489
    ],
    "n_layers": 2,
    "optimizer": "Adam",
    "learning_rate": 0.02609756987684941
}
