{
    "units": [
        5,
        9,
        4
    ],
    "dropout": [
        0.20579780157792,
        0.28029917771685253,
        0.1895783846068994
    ],
    "n_layers": 3,
    "optimizer": "Adam",
    "learning_rate": 0.07369052901643984
}
