{
    "units": [
        9,
        5,
        7
    ],
    "dropout": [
        0.32458147928692593,
        0.1788604290703434,
        0.3107176722694693
    ],
    "n_layers": 3,
    "optimizer": "Adam",
    "learning_rate": 0.07169450538084791
}
