{
    "units": [
        3,
        6
    ],
    "dropout": [
        0.16704059351054945,
        0.18424860630229375
    ],
    "n_layers": 2,
    "optimizer": "Adam",
    "learning_rate": 0.057056802229836806
}
