{
    "units": [
        8,
        6
    ],
    "dropout": [
        0.32378079538026816,
        0.20029895341527293
    ],
    "n_layers": 2,
    "optimizer": "Adam",
    "learning_rate": 0.06088907893931613
}
