{
    "units": [
        8,
        3,
        7
    ],
    "dropout": [
        0.1447007928323118,
        0.29919448859710596,
        0.24458134774212387
    ],
    "n_layers": 3,
    "optimizer": "Adam",
    "learning_rate": 0.006687962491531693
}
