{
    "units": [
        8,
        8,
        10
    ],
    "dropout": [
        0.11689072667096251,
        0.2391905434950656,
        0.3001963592322605
    ],
    "n_layers": 3,
    "optimizer": "Adam",
    "learning_rate": 0.02573335213008303
}
