{
    "units": [
        7,
        9,
        6
    ],
    "dropout": [
        0.12358297705947532,
        0.392610866589177,
        0.1668071805528325
    ],
    "n_layers": 3,
    "optimizer": "Adam",
    "learning_rate": 0.07926315471401438
}
