{
    "units": [
        10,
        6,
        8
    ],
    "dropout": [
        0.1611265942551555,
        0.18393494420047224,
        0.35883200061752707
    ],
    "n_layers": 3,
    "optimizer": "Adam",
    "learning_rate": 0.006073013029551955
}
