{
    "units": [
        10,
        5,
        6
    ],
    "dropout": [
        0.1600615615114801,
        0.3290865353734409,
        0.21300913126560483
    ],
    "n_layers": 3,
    "optimizer": "Adam",
    "learning_rate": 0.08915236677699348
}
