{
    "units": [
        9,
        3
    ],
    "dropout": [
        0.3300553708966061,
        0.1740791614227738
    ],
    "n_layers": 2,
    "optimizer": "Adam",
    "learning_rate": 0.031433977078856146
}
