{
    "units": [
        8
    ],
    "dropout": [
        0.3123820928761817
    ],
    "n_layers": 1,
    "optimizer": "SGD",
    "learning_rate": 0.07689307963393273
}
