{
    "units": [
        8,
        4,
        4
    ],
    "dropout": [
        0.10111113987525487,
        0.33952783947070664,
        0.21990021086014028
    ],
    "n_layers": 3,
    "optimizer": "Adam",
    "learning_rate": 0.02359993662924248
}
