{
    "units": [
        2,
        6,
        7
    ],
    "dropout": [
        0.37647943694315833,
        0.33933498877749096,
        0.11572952149874349
    ],
    "n_layers": 3,
    "optimizer": "Adam",
    "learning_rate": 0.04542006957650278
}
