{
    "units": [
        6,
        8,
        7
    ],
    "dropout": [
        0.34604970503846066,
        0.3304544910978625,
        0.12244473645826853
    ],
    "n_layers": 3,
    "optimizer": "Adam",
    "learning_rate": 0.041690653722322335
}
