{
    "units": [
        10,
        9,
        6
    ],
    "dropout": [
        0.27719220843140735,
        0.12294587056184096,
        0.16264472104989486
    ],
    "n_layers": 3,
    "optimizer": "Adam",
    "learning_rate": 0.06788935187193161
}
