{
    "units": [
        4,
        4,
        7
    ],
    "dropout": [
        0.36461438883156494,
        0.33229466237774435,
        0.3948993561421673
    ],
    "n_layers": 3,
    "optimizer": "Adam",
    "learning_rate": 0.07692205562985985
}
