{
    "units": [
        3,
        5,
        2
    ],
    "dropout": [
        0.30106402556130574,
        0.3695342486136458,
        0.2854615357878322
    ],
    "n_layers": 3,
    "optimizer": "Adam",
    "learning_rate": 0.05908119363854197
}
