{
    "units": [
        8,
        5
    ],
    "dropout": [
        0.395834458843078,
        0.12661610573626872
    ],
    "n_layers": 2,
    "optimizer": "Adam",
    "learning_rate": 0.06928617694116158
}
