{
    "units": [
        6,
        3
    ],
    "dropout": [
        0.12237954949400756,
        0.3529100867859627
    ],
    "n_layers": 2,
    "optimizer": "RMSprop",
    "learning_rate": 0.057362210170429764
}
