{
    "units": [
        9,
        3,
        10
    ],
    "dropout": [
        0.195918676252679,
        0.10016843194460709,
        0.24070917127413902
    ],
    "n_layers": 3,
    "optimizer": "Adam",
    "learning_rate": 0.04598792351204149
}
