{
    "units": [
        8,
        5
    ],
    "dropout": [
        0.19244981423112434,
        0.21803408901859334
    ],
    "n_layers": 2,
    "optimizer": "Adam",
    "learning_rate": 0.03627853703418786
}
