{
    "units": [
        3,
        5
    ],
    "dropout": [
        0.22888544704061012,
        0.2563688767299265
    ],
    "n_layers": 2,
    "optimizer": "Adam",
    "learning_rate": 0.05131201354277804
}
