{
    "units": [
        8,
        4
    ],
    "dropout": [
        0.36089536340135175,
        0.10573944340237199
    ],
    "n_layers": 2,
    "optimizer": "Adam",
    "learning_rate": 0.023252585845684935
}
