{
    "units": [
        4,
        3,
        4
    ],
    "dropout": [
        0.30474768700220234,
        0.11386387357560025,
        0.3365042596846709
    ],
    "n_layers": 3,
    "optimizer": "Adam",
    "learning_rate": 0.010001824111669876
}
