{
    "units": [
        7,
        4,
        2
    ],
    "dropout": [
        0.2460907798454216,
        0.1801064485562492,
        0.3506797763044688
    ],
    "n_layers": 3,
    "optimizer": "RMSprop",
    "learning_rate": 0.03432853743711287
}
