{
    "units": [
        9,
        9,
        8
    ],
    "dropout": [
        0.20884696361140656,
        0.24758165551873962,
        0.27685476053354924
    ],
    "n_layers": 3,
    "optimizer": "SGD",
    "learning_rate": 0.09149657424892942
}
