cytokine,data_split,shuffle,predicted_value,actual_value,r2
ActivinA,test_data,final,0.07771025841823563,0.11636868552668736,[0.80696185]
ActivinA,train_data,final,0.06851708126804273,0.08136035406892679,[0.91432595]
