cytokine,data_split,shuffle,predicted_value,actual_value,r2
Amphiregulin,test_data,final,0.05221568152458631,0.06770669753972941,[0.85457178]
Amphiregulin,train_data,final,0.051050549935790335,0.05784678298376884,[0.96077656]
