cytokine,data_split,shuffle,predicted_value,actual_value,r2
Amyloidbeta,test_data,final,0.008410805041886635,0.030265943783810534,[0.26956689]
Amyloidbeta,train_data,final,0.009175823140304878,0.028951068830304967,[0.37075483]
