cytokine,data_split,shuffle,predicted_value,actual_value,r2
BAFF,test_data,final,0.02296857609476882,0.04186237773456004,[0.22923773]
BAFF,train_data,final,0.016890403557074773,0.03825351831786626,[0.60883284]
