cytokine,data_split,shuffle,predicted_value,actual_value,r2
BCMA(TFRF17),test_data,final,0.0017775459580583219,0.040740003718049894,[0.16505023]
BCMA(TFRF17),train_data,final,0.0018085536781223416,0.025432567584695618,[0.16169395]
