cytokine,data_split,shuffle,predicted_value,actual_value,r2
BDF,test_data,final,0.02082424021196477,0.025814201757750104,[0.32759827]
BDF,train_data,final,0.02447551861299263,0.040258461725991526,[0.7068722]
