cytokine,data_split,shuffle,predicted_value,actual_value,r2
BDF,test_data,shuffled_baseline,0.02696762186709743,0.025814201757750104,[-0.82450887]
BDF,train_data,shuffled_baseline,0.03881863943056426,0.040258461725991526,[-0.64713741]
