cytokine,data_split,shuffle,predicted_value,actual_value,r2
BMP2,test_data,shuffled_baseline,0.013276865868619977,0.03077525314740215,[-0.32292019]
BMP2,train_data,shuffled_baseline,0.014102342002833793,0.030621661005922653,[-0.36630455]
