cytokine,data_split,shuffle,predicted_value,actual_value,r2
BMP3,test_data,final,0.022466726141382325,0.030187992489629556,[0.59843147]
BMP3,train_data,final,0.017765455878403977,0.029628517562664027,[0.73965432]
