cytokine,data_split,shuffle,predicted_value,actual_value,r2
BMP4,test_data,final,0.00011486253876325212,0.014446205091114028,[0.06353372]
BMP4,train_data,final,0.00012338449617256973,0.01143695317254208,[0.0361055]
