cytokine,data_split,shuffle,predicted_value,actual_value,r2
BMP6,test_data,shuffled_baseline,0.006577032869541754,0.05429672264084319,[-0.08824493]
BMP6,train_data,shuffled_baseline,0.009458457254399203,0.04589522083084848,[-0.08410123]
