cytokine,data_split,shuffle,predicted_value,actual_value,r2
BMP7,test_data,shuffled_baseline,0.0010818787201720846,0.031904653778573225,[0.00554061]
BMP7,train_data,shuffled_baseline,0.0008975469958026938,0.03923561342713565,[-0.00630236]
