cytokine,data_split,shuffle,predicted_value,actual_value,r2
BMP9,test_data,shuffled_baseline,0.006904545078219092,0.033533077683463565,[-0.10054778]
BMP9,train_data,shuffled_baseline,0.0051988138652134695,0.02469943814201077,[-0.2415017]
