cytokine,data_split,shuffle,predicted_value,actual_value,r2
BMP9,test_data,final,0.027524011314918218,0.033533077683463565,[-0.25659192]
BMP9,train_data,final,0.01961971965179746,0.02469943814201077,[0.95446322]
