cytokine,data_split,shuffle,predicted_value,actual_value,r2
C5_C5a,test_data,shuffled_baseline,0.003213453579801916,0.02086395034463567,[-0.16590629]
C5_C5a,train_data,shuffled_baseline,0.0031753028094262848,0.01010784568770924,[-0.21927353]
