cytokine,data_split,shuffle,predicted_value,actual_value,r2
C5_C5a,test_data,final,0.004913940155049112,0.02086395034463567,[0.05894927]
C5_C5a,train_data,final,0.004047963793209255,0.01010784568770924,[0.58075338]
