cytokine,data_split,shuffle,predicted_value,actual_value,r2
Calbindin,test_data,final,0.007630590664960369,0.018660047282247284,[0.31949947]
Calbindin,train_data,final,0.007201010149563473,0.022654231702711063,[0.41411452]
