cytokine,data_split,shuffle,predicted_value,actual_value,r2
CCL17,test_data,final,0.006159053045580648,0.03584184979914298,[0.13870312]
CCL17,train_data,final,0.0066129151353654545,0.022339513485852478,[0.43247775]
