cytokine,data_split,shuffle,predicted_value,actual_value,r2
CCL1,test_data,final,0.02406273605775386,0.02845564404450723,[0.7807663]
CCL1,train_data,final,0.028650527322879607,0.03080258919152311,[0.98439472]
