cytokine,data_split,shuffle,predicted_value,actual_value,r2
CCL19,test_data,shuffled_baseline,0.007316801312243082,0.0410604841090115,[-0.27300989]
CCL19,train_data,shuffled_baseline,0.01182271396975636,0.030326229055489203,[-0.65033995]
