cytokine,data_split,shuffle,predicted_value,actual_value,r2
CCL11,test_data,shuffled_baseline,0.0004873566318170032,0.028266586411914395,[-0.10276944]
CCL11,train_data,shuffled_baseline,0.00040517672782321395,0.033865045167321216,[0.00447304]
