cytokine,data_split,shuffle,predicted_value,actual_value,r2
CCL18,test_data,final,0.006210606658374917,0.022659478027509658,[-0.11115066]
CCL18,train_data,final,0.006373883537707411,0.02211840201495454,[0.44919511]
