cytokine,data_split,shuffle,predicted_value,actual_value,r2
CCL11,test_data,final,0.0013329578625095272,0.028266586411914395,[-0.02460995]
CCL11,train_data,final,0.001784046521462658,0.033865045167321216,[0.1027982]
