cytokine,data_split,shuffle,predicted_value,actual_value,r2
CCL16,test_data,final,0.018461117704962643,0.052963043006416875,[0.25265477]
CCL16,train_data,final,0.0171423481859658,0.04296740430091836,[0.53242671]
