cytokine,data_split,shuffle,predicted_value,actual_value,r2
CCL19,test_data,final,0.016339914807787827,0.0410604841090115,[0.29009671]
CCL19,train_data,final,0.018844097398258045,0.030326229055489203,[0.74282912]
