cytokine,data_split,shuffle,predicted_value,actual_value,r2
CCL13,test_data,final,0.019430444683037482,0.027856019784317378,[0.77030555]
CCL13,train_data,final,0.023348458159302463,0.025000692082120714,[0.988484]
