cytokine,data_split,shuffle,predicted_value,actual_value,r2
CCL15,test_data,shuffled_baseline,0.0008930367228102647,0.03336540052784668,[-0.11343115]
CCL15,train_data,shuffled_baseline,0.0007892832462476861,0.03611562017339936,[-0.0263282]
