cytokine,data_split,shuffle,predicted_value,actual_value,r2
CCL16,test_data,shuffled_baseline,0.0014105788488571658,0.052963043006416875,[0.03494734]
CCL16,train_data,shuffled_baseline,0.0014438933058258528,0.04296740430091836,[0.01057073]
