cytokine,data_split,shuffle,predicted_value,actual_value,r2
CCL18,test_data,shuffled_baseline,0.014266382783522514,0.022659478027509658,[-0.64117638]
CCL18,train_data,shuffled_baseline,0.017901987137369773,0.02211840201495454,[-0.41411927]
