cytokine,data_split,shuffle,predicted_value,actual_value,r2
CCL20,test_data,final,0.12738891183846704,0.135080933411172,[0.9580585]
CCL20,train_data,final,0.11157254806314189,0.11355556914523689,[0.99723143]
