cytokine,data_split,shuffle,predicted_value,actual_value,r2
CCL21,test_data,final,0.0009770808656979896,0.03528877066285282,[0.00728158]
CCL21,train_data,final,0.001073064706575655,0.0515120522141702,[0.04370137]
