cytokine,data_split,shuffle,predicted_value,actual_value,r2
CCL27,test_data,final,0.002708423612680909,0.03801583621138001,[-0.06449665]
CCL27,train_data,final,0.002556508046976742,0.020817589615874238,[0.25030242]
