cytokine,data_split,shuffle,predicted_value,actual_value,r2
CCL2,test_data,final,0.08523278783601765,0.09911407090884901,[0.93312216]
CCL2,train_data,final,0.06741946489538593,0.07691382072346144,[0.95270272]
