cytokine,data_split,shuffle,predicted_value,actual_value,r2
CCL28,test_data,final,0.013356953243277854,0.044323220679827774,[0.3674899]
CCL28,train_data,final,0.013625213402321349,0.03388164731264234,[0.46637888]
