cytokine,data_split,shuffle,predicted_value,actual_value,r2
CCL22,test_data,final,0.0436919816137352,0.052599920952271055,[0.84904263]
CCL22,train_data,final,0.041800392410064856,0.04850914776207565,[0.9480358]
