cytokine,data_split,shuffle,predicted_value,actual_value,r2
CCL23,test_data,final,0.0005647108288612885,0.029536954133357704,[0.07451811]
CCL23,train_data,final,0.0005875532372165706,0.02906010306695771,[0.04987329]
