cytokine,data_split,shuffle,predicted_value,actual_value,r2
CCL2,test_data,shuffled_baseline,0.0008565312832790758,0.09911407090884901,[-0.06938317]
CCL2,train_data,shuffled_baseline,0.0009344384432128297,0.07691382072346144,[0.02128314]
