cytokine,data_split,shuffle,predicted_value,actual_value,r2
CCL25,test_data,final,0.014051118670588955,0.03547739251028885,[-0.00570487]
CCL25,train_data,final,0.012885523004215223,0.039000863287354054,[0.51811173]
