cytokine,data_split,shuffle,predicted_value,actual_value,r2
CCL23,test_data,shuffled_baseline,0.0013043333465829392,0.029536954133357704,[-0.03084746]
CCL23,train_data,shuffled_baseline,0.0012789253455772719,0.02906010306695771,[-0.0193468]
