cytokine,data_split,shuffle,predicted_value,actual_value,r2
CCL22,test_data,shuffled_baseline,0.0005938142967841893,0.052599920952271055,[-0.01142375]
CCL22,train_data,shuffled_baseline,0.0007947680570923188,0.04850914776207565,[-0.0179894]
