cytokine,data_split,shuffle,predicted_value,actual_value,r2
CCL24,test_data,final,0.05109557925679317,0.05184448323946151,[0.94291925]
CCL24,train_data,final,0.059730271457332174,0.061934031087849485,[0.99418329]
