cytokine,data_split,shuffle,predicted_value,actual_value,r2
CCL3,test_data,final,0.14846067153362077,0.14555141403662836,[0.97424825]
CCL3,train_data,final,0.15293679478128036,0.15418001366116074,[0.99891731]
