cytokine,data_split,shuffle,predicted_value,actual_value,r2
CCL4,test_data,final,0.12888753736105535,0.13648793973587559,[0.97934504]
CCL4,train_data,final,0.13924412610098222,0.14071095199430075,[0.99880875]
