cytokine,data_split,shuffle,predicted_value,actual_value,r2
CCL4,test_data,shuffled_baseline,0.008482874139772108,0.13648793973587559,[-0.17118795]
CCL4,train_data,shuffled_baseline,0.010127364354532214,0.14071095199430075,[0.14356401]
