cytokine,data_split,shuffle,predicted_value,actual_value,r2
CCL5,test_data,final,0.09753542190022284,0.11005893543450165,[0.92890982]
CCL5,train_data,final,0.09328342669468428,0.10103132308204116,[0.96961087]
