cytokine,data_split,shuffle,predicted_value,actual_value,r2
CCL7,test_data,shuffled_baseline,0.01656436911908841,0.0835800463483276,[0.03200238]
CCL7,train_data,shuffled_baseline,0.02485348056983171,0.07392161173516862,[-0.05968486]
