cytokine,data_split,shuffle,predicted_value,actual_value,r2
CCL7,test_data,final,0.07841683527751064,0.0835800463483276,[0.92392098]
CCL7,train_data,final,0.06345854327494307,0.07392161173516862,[0.94646118]
