cytokine,data_split,shuffle,predicted_value,actual_value,r2
CCL8,test_data,final,0.10402471241888028,0.11149431249137255,[0.79756655]
CCL8,train_data,final,0.07566403425944265,0.08246065521010988,[0.98438575]
