cytokine,data_split,shuffle,predicted_value,actual_value,r2
CD14,test_data,final,0.03875202136294473,0.042668500473962284,[0.74875085]
CD14,train_data,final,0.03829635351913811,0.04484613914563641,[0.92317951]
