cytokine,data_split,shuffle,predicted_value,actual_value,r2
CD163,test_data,final,0.007114486642657171,0.027382966179887974,[0.0394865]
CD163,train_data,final,0.00951734797074484,0.04433570025043421,[0.25415272]
