cytokine,data_split,shuffle,predicted_value,actual_value,r2
CD27L,test_data,final,0.0030628791830908937,0.036435734310237534,[0.24101589]
CD27L,train_data,final,0.002844258853783799,0.025712851451329052,[0.1959827]
