cytokine,data_split,shuffle,predicted_value,actual_value,r2
CD276(B7-H3),test_data,final,0.017649496322099133,0.03693064108942898,[-0.10078979]
CD276(B7-H3),train_data,final,0.018314669409192838,0.03642883786009854,[0.6509678]
