cytokine,data_split,shuffle,predicted_value,actual_value,r2
CD30,test_data,final,0.010513068629403231,0.03568998143707285,[0.15739742]
CD30,train_data,final,0.009845099838072163,0.045800592682736965,[0.35937664]
