cytokine,data_split,shuffle,predicted_value,actual_value,r2
CD40L,test_data,final,0.029334608145793296,0.044536086916137585,[0.74327302]
CD40L,train_data,final,0.02846419146787552,0.03626477640821479,[0.85036356]
