cytokine,data_split,shuffle,predicted_value,actual_value,r2
CTF,test_data,final,0.008899682173968413,0.03021559326171119,[0.28102616]
CTF,train_data,final,0.011125571124411652,0.02864440740016195,[0.51600475]
