cytokine,data_split,shuffle,predicted_value,actual_value,r2
CTF,test_data,shuffled_baseline,0.015454487801322258,0.03021559326171119,[-0.27669239]
CTF,train_data,shuffled_baseline,0.019510984090837104,0.02864440740016195,[-0.30594133]
