cytokine,data_split,shuffle,predicted_value,actual_value,r2
CRP,test_data,shuffled_baseline,0.012877968973080705,0.03923220714344152,[-0.29328009]
CRP,train_data,shuffled_baseline,0.013324094214508092,0.05093043289483262,[-0.23853036]
