cytokine,data_split,shuffle,predicted_value,actual_value,r2
CRP,test_data,final,0.014618678495319472,0.03923220714344152,[0.09785843]
CRP,train_data,final,0.015993637281454705,0.05093043289483262,[0.44636288]
