cytokine,data_split,shuffle,predicted_value,actual_value,r2
CX3CL1,test_data,final,0.0016745624308399857,0.03045943748928137,[-0.0502166]
CX3CL1,train_data,final,0.0018083067628426668,0.0357182576496082,[0.09523077]
