cytokine,data_split,shuffle,predicted_value,actual_value,r2
CXCL12(beta),test_data,final,0.006142926576399715,0.031196751443647513,[-0.38131379]
CXCL12(beta),train_data,final,0.007027568754791016,0.04437831082884219,[0.31392195]
