cytokine,data_split,shuffle,predicted_value,actual_value,r2
CXCL4,test_data,final,0.00820983546418346,0.01670676584251762,[0.18550339]
CXCL4,train_data,final,0.007135623431391366,0.008323905131123228,[0.90046709]
