cytokine,data_split,shuffle,predicted_value,actual_value,r2
CXCL5,test_data,final,0.05041011156298897,0.05892325355607347,[0.92651705]
CXCL5,train_data,final,0.03918976251166376,0.04496438323975727,[0.94185536]
