cytokine,data_split,shuffle,predicted_value,actual_value,r2
CXCL6,test_data,final,0.04100650698777221,0.030273188284487884,[-0.39276221]
CXCL6,train_data,final,0.03281057475307367,0.038492396781262615,[0.9705573]
