cytokine,data_split,shuffle,predicted_value,actual_value,r2
CXCL7,test_data,final,0.008952669225585304,0.023488667940492473,[0.14476377]
CXCL7,train_data,final,0.006833846050860239,0.02057360651319811,[0.45765232]
