cytokine,data_split,shuffle,predicted_value,actual_value,r2
CXCL14,test_data,final,0.021585790848252028,0.04260926352415959,[0.55346999]
CXCL14,train_data,final,0.02384858613065987,0.04594980181557251,[0.60487313]
