cytokine,data_split,shuffle,predicted_value,actual_value,r2
CXCL9,test_data,final,0.04087821047349226,0.06053699672777139,[0.80107175]
CXCL9,train_data,final,0.03509033315003204,0.043691617276944206,[0.88281222]
