cytokine,data_split,shuffle,predicted_value,actual_value,r2
CXCL9,test_data,shuffled_baseline,0.012247593766514773,0.06053699672777139,[-0.21752881]
CXCL9,train_data,shuffled_baseline,0.014178384140835014,0.043691617276944206,[-0.24553687]
