cytokine,data_split,shuffle,predicted_value,actual_value,r2
CXCL11,test_data,final,0.06876574550039907,0.0931113997315458,[0.75422556]
CXCL11,train_data,final,0.05367256768110319,0.07526628437957705,[0.82844654]
