cytokine,data_split,shuffle,predicted_value,actual_value,r2
CXCL10,test_data,final,0.0284464587724009,0.04035311805553049,[0.83576531]
CXCL10,train_data,final,0.02356825918262659,0.029147217637590015,[0.87869504]
