cytokine,data_split,shuffle,predicted_value,actual_value,r2
CXCL3,test_data,final,0.02032408447171147,0.020619755184202844,[0.66617012]
CXCL3,train_data,final,0.018312599583732977,0.022876239007594716,[0.90473659]
