cytokine,data_split,shuffle,predicted_value,actual_value,r2
CXCL16,test_data,final,0.062260402113983086,0.0637015480707763,[0.96824789]
CXCL16,train_data,final,0.05963053777379032,0.06002321833391068,[0.99885933]
