cytokine,data_split,shuffle,predicted_value,actual_value,r2
CXCL17,test_data,final,0.01880525081652264,0.04617592696981315,[0.47340894]
CXCL17,train_data,final,0.02174458287128117,0.04430621920315355,[0.59383044]
