cytokine,data_split,shuffle,predicted_value,actual_value,r2
CXCL1,test_data,final,0.11407212219643821,0.11025946807288048,[0.96208691]
CXCL1,train_data,final,0.09452559442656613,0.09661338109294801,[0.99668285]
