cytokine,data_split,shuffle,predicted_value,actual_value,r2
CXCL10,test_data,shuffled_baseline,0.0006042354640557717,0.04035311805553049,[-0.02386155]
CXCL10,train_data,shuffled_baseline,0.0006982319563186928,0.029147217637590015,[0.03767098]
