cytokine,data_split,shuffle,predicted_value,actual_value,r2
CytochromeC,test_data,final,0.0022624068513669715,0.030046977965421023,[0.11568724]
CytochromeC,train_data,final,0.002466034647833239,0.043210075166378335,[0.11005518]
