cytokine,data_split,shuffle,predicted_value,actual_value,r2
EGF,test_data,shuffled_baseline,0.00039161707566597514,0.0398702318191143,[-0.0538948]
EGF,train_data,shuffled_baseline,0.00040442840946015884,0.036969766063743095,[0.00972127]
