cytokine,data_split,shuffle,predicted_value,actual_value,r2
EGF,test_data,final,0.0009583778393212416,0.0398702318191143,[0.07046361]
EGF,train_data,final,0.0010992690565592162,0.036969766063743095,[0.06299632]
