cytokine,data_split,shuffle,predicted_value,actual_value,r2
EGFR,test_data,final,0.0007032900954146358,0.021683330745750854,[-0.04959154]
EGFR,train_data,final,0.0007920530808937496,0.02256973200212083,[0.07516582]
