cytokine,data_split,shuffle,predicted_value,actual_value,r2
EMMPRI,test_data,final,0.07434372967860503,0.0625171156901204,[0.85895432]
EMMPRI,train_data,final,0.07096758362213139,0.07561700901006917,[0.97109472]
