cytokine,data_split,shuffle,predicted_value,actual_value,r2
FA-L,test_data,final,0.022730374064472845,0.03037110169019852,[0.47622334]
FA-L,train_data,final,0.02142267733934458,0.038360637310898095,[0.64884934]
