cytokine,data_split,shuffle,predicted_value,actual_value,r2
FA-L,test_data,shuffled_baseline,0.000948473648243577,0.03037110169019852,[-0.11109496]
FA-L,train_data,shuffled_baseline,0.0010347435716534727,0.038360637310898095,[0.02363534]
