cytokine,data_split,shuffle,predicted_value,actual_value,r2
FGF-2,test_data,shuffled_baseline,0.003145015668884051,0.035915383581522325,[-0.03768898]
FGF-2,train_data,shuffled_baseline,0.004609597246384144,0.032038170943033836,[-0.07942577]
