cytokine,data_split,shuffle,predicted_value,actual_value,r2
FGF-2,test_data,final,0.022968194966022707,0.035915383581522325,[0.62461314]
FGF-2,train_data,final,0.02235604865470758,0.032038170943033836,[0.77934109]
