cytokine,data_split,shuffle,predicted_value,actual_value,r2
FGF-19,test_data,final,0.004534829306028128,0.04871310318223951,[0.19118009]
FGF-19,train_data,final,0.004992385862792484,0.02982843731634794,[0.25991884]
