cytokine,data_split,shuffle,predicted_value,actual_value,r2
FGF-9,test_data,shuffled_baseline,0.0014255680214886421,0.03306883514174882,[0.02682029]
FGF-9,train_data,shuffled_baseline,0.0019079970503021332,0.02866376432041444,[-0.12020972]
