cytokine,data_split,shuffle,predicted_value,actual_value,r2
FGF-7(KGF),test_data,final,0.0028655227366133733,0.03399139874194401,[-0.07829715]
FGF-7(KGF),train_data,final,0.003166428402077369,0.053209481084985875,[0.10473179]
