cytokine,data_split,shuffle,predicted_value,actual_value,r2
FGF-6,test_data,final,0.0015066763530137298,0.03530339615833414,[-0.30482293]
FGF-6,train_data,final,0.0016870002767997228,0.03342322543523694,[0.09817543]
