cytokine,data_split,shuffle,predicted_value,actual_value,r2
FGF-9,test_data,final,0.008886245525982436,0.03306883514174882,[-0.06150422]
FGF-9,train_data,final,0.005882518527697193,0.02866376432041444,[0.36056609]
