cytokine,data_split,shuffle,predicted_value,actual_value,r2
FGF-19,test_data,shuffled_baseline,0.011574991949546802,0.04871310318223951,[-0.12988404]
FGF-19,train_data,shuffled_baseline,0.013018678903138597,0.02982843731634794,[-0.81728511]
