cytokine,data_split,shuffle,predicted_value,actual_value,r2
FGF-21,test_data,final,0.008692408414894028,0.02533553663128412,[0.03252159]
FGF-21,train_data,final,0.009043408995201844,0.0396794158476106,[0.36859298]
