cytokine,data_split,shuffle,predicted_value,actual_value,r2
FGF-6,test_data,shuffled_baseline,0.0038590007888305816,0.03530339615833414,[-0.11344337]
FGF-6,train_data,shuffled_baseline,0.004802985455003341,0.03342322543523694,[-0.10679141]
