cytokine,data_split,shuffle,predicted_value,actual_value,r2
FGFR3(IIIc),test_data,final,0.0023592843722100108,0.016539289451915986,[0.32354635]
FGFR3(IIIc),train_data,final,0.002204226254674115,0.01630427536498834,[0.19483013]
