cytokine,data_split,shuffle,predicted_value,actual_value,r2
Flt-3Ligand,test_data,final,0.01468683250646955,0.058588199177359496,[0.26050422]
Flt-3Ligand,train_data,final,0.01884371115265745,0.05292296197458272,[0.43175705]
