cytokine,data_split,shuffle,predicted_value,actual_value,r2
G-CF,test_data,final,0.11221254769887216,0.12958273680291318,[0.91846883]
G-CF,train_data,final,0.09000141280325197,0.09631090835168964,[0.97866373]
