cytokine,data_split,shuffle,predicted_value,actual_value,r2
GDF-11(BMP-11),test_data,shuffled_baseline,0.0048156604728562015,0.016558162407475485,[-0.38977389]
GDF-11(BMP-11),train_data,shuffled_baseline,0.0055535708869712585,0.013252763887907632,[-0.48356591]
