cytokine,data_split,shuffle,predicted_value,actual_value,r2
GDF-11(BMP-11),test_data,final,0.002488841461897649,0.016558162407475485,[-0.26989517]
GDF-11(BMP-11),train_data,final,0.002424806852590369,0.013252763887907632,[0.25150622]
