cytokine,data_split,shuffle,predicted_value,actual_value,r2
GDF-15(MIC-1),test_data,final,0.009714875576427391,0.018762685744816814,[-0.13668368]
GDF-15(MIC-1),train_data,final,0.006691603997727073,0.018797924945648675,[0.51316443]
