cytokine,data_split,shuffle,predicted_value,actual_value,r2
GDF,test_data,final,0.0013940994229938398,0.03237894738518759,[0.22967863]
GDF,train_data,final,0.0015727206245598837,0.019565780630668536,[0.15048857]
