cytokine,data_split,shuffle,predicted_value,actual_value,r2
GDF,test_data,shuffled_baseline,0.004237626855807297,0.03237894738518759,[-0.29200057]
GDF,train_data,shuffled_baseline,0.004643934328615132,0.019565780630668536,[-0.04512311]
