cytokine,data_split,shuffle,predicted_value,actual_value,r2
GM-CF,test_data,final,0.011113657929965721,0.03248910715812401,[0.15711904]
GM-CF,train_data,final,0.010908769114838804,0.030914139415733122,[0.5091977]
