cytokine,data_split,shuffle,predicted_value,actual_value,r2
HGF,test_data,final,0.03294707210059445,0.05608239023115335,[0.36288411]
HGF,train_data,final,0.02490792951988321,0.036970964294024834,[0.80421839]
