cytokine,data_split,shuffle,predicted_value,actual_value,r2
HVEM,test_data,final,0.002437282602755338,0.03896924511484544,[-0.14476044]
HVEM,train_data,final,0.0029297841165642157,0.025493430726961846,[0.17461077]
