cytokine,data_split,shuffle,predicted_value,actual_value,r2
ICAM-2,test_data,final,0.0015429807301010773,0.04686715228219989,[0.06488135]
ICAM-2,train_data,final,0.0016943280858569987,0.04091791122928569,[0.07856996]
