cytokine,data_split,shuffle,predicted_value,actual_value,r2
ICAM-1,test_data,final,0.01074159289499831,0.05007211774268533,[0.3634633]
ICAM-1,train_data,final,0.012759799771224453,0.041184371494761216,[0.37356389]
