cytokine,data_split,shuffle,predicted_value,actual_value,r2
IFbeta,test_data,final,0.014468653370665467,0.02450808729661765,[0.55515154]
IFbeta,train_data,final,0.011652877486987472,0.014860035945856942,[0.90091309]
