cytokine,data_split,shuffle,predicted_value,actual_value,r2
IFgamma,test_data,final,0.09777229243430281,0.10577800276502425,[0.89814757]
IFgamma,train_data,final,0.07050814797937066,0.07577603200528066,[0.98707852]
