cytokine,data_split,shuffle,predicted_value,actual_value,r2
IFalpha2(alpha2b),test_data,final,0.0038099103574038623,0.03450891251918711,[0.1643154]
IFalpha2(alpha2b),train_data,final,0.0041441597418215015,0.03299082639903677,[0.20099191]
