cytokine,data_split,shuffle,predicted_value,actual_value,r2
IF-epsilon,test_data,final,0.006243044888705956,0.03106935699558167,[0.13484578]
IF-epsilon,train_data,final,0.007030569072153704,0.038193209912628374,[0.31434654]
