cytokine,data_split,shuffle,predicted_value,actual_value,r2
IGF-1,test_data,shuffled_baseline,0.0006910135674171641,0.03726313877658661,[0.0097235]
IGF-1,train_data,shuffled_baseline,0.0009248607070842655,0.03743275718085194,[-0.02501444]
