cytokine,data_split,shuffle,predicted_value,actual_value,r2
IGF-1,test_data,final,0.006983253192375313,0.03726313877658661,[0.1120787]
IGF-1,train_data,final,0.006356520997358939,0.03743275718085194,[0.34028405]
