cytokine,data_split,shuffle,predicted_value,actual_value,r2
IL-17B,test_data,shuffled_baseline,0.006475993716627709,0.0180986859700016,[-0.55770879]
IL-17B,train_data,shuffled_baseline,0.009590396486711592,0.027187157698948677,[-0.34630968]
