cytokine,data_split,shuffle,predicted_value,actual_value,r2
IL-1alpha,test_data,final,0.1856035025797215,0.17619936131472733,[0.97527287]
IL-1alpha,train_data,final,0.17713226405265306,0.1815674715580355,[0.99254716]
