cytokine,data_split,shuffle,predicted_value,actual_value,r2
IL-17B,test_data,final,0.0066951924276799175,0.0180986859700016,[0.11422958]
IL-17B,train_data,final,0.0070450230853538985,0.027187157698948677,[0.40177338]
