cytokine,data_split,shuffle,predicted_value,actual_value,r2
IL-17F,test_data,shuffled_baseline,0.0004387868015993359,0.0342674815422635,[-0.10463212]
IL-17F,train_data,shuffled_baseline,0.0005767911537908738,0.036686574258636556,[0.07672611]
