cytokine,data_split,shuffle,predicted_value,actual_value,r2
IL-1RA_R,test_data,final,0.0202741657781373,0.030058874224207523,[0.88706842]
IL-1RA_R,train_data,final,0.02049981414905776,0.024329868077308546,[0.93618916]
