cytokine,data_split,shuffle,predicted_value,actual_value,r2
IL-16,test_data,shuffled_baseline,0.017831376962382562,0.09864065925138212,[0.07669035]
IL-16,train_data,shuffled_baseline,0.022979810245396373,0.09053492822812408,[-0.41433316]
