cytokine,data_split,shuffle,predicted_value,actual_value,r2
IL-1beta,test_data,final,0.1900252939451813,0.19168856896499606,[0.98745659]
IL-1beta,train_data,final,0.18670384042526927,0.1901457460585657,[0.99469735]
