cytokine,data_split,shuffle,predicted_value,actual_value,r2
IL-10,test_data,final,0.03529341725679939,0.05780867067069293,[0.66430179]
IL-10,train_data,final,0.027679416271486536,0.037785807878230396,[0.84626375]
