cytokine,data_split,shuffle,predicted_value,actual_value,r2
IL-16,test_data,final,0.09801321717655978,0.09864065925138212,[0.96198528]
IL-16,train_data,final,0.08627395506546642,0.09053492822812408,[0.96850723]
