cytokine,data_split,shuffle,predicted_value,actual_value,r2
IL-17C,test_data,final,0.001586665472231981,0.01840010783537935,[-0.01596756]
IL-17C,train_data,final,0.0018126862988028841,0.025509916808599084,[0.12971745]
