cytokine,data_split,shuffle,predicted_value,actual_value,r2
IL-10,test_data,shuffled_baseline,0.021319647206256002,0.05780867067069293,[-0.33807954]
IL-10,train_data,shuffled_baseline,0.02934940063358989,0.037785807878230396,[-1.0597981]
