cytokine,data_split,shuffle,predicted_value,actual_value,r2
IL-17F,test_data,final,0.02850371781469867,0.0342674815422635,[0.02844935]
IL-17F,train_data,final,0.025887244911638713,0.036686574258636556,[0.87581744]
