cytokine,data_split,shuffle,predicted_value,actual_value,r2
IL-1R1,test_data,final,0.003094572101269191,0.042857769715791,[0.05739821]
IL-1R1,train_data,final,0.00268080312095621,0.042191136694324234,[0.14805127]
