cytokine,data_split,shuffle,predicted_value,actual_value,r2
IL-12p40,test_data,shuffled_baseline,0.015288804498211102,0.11102461057531414,[-0.13653615]
IL-12p40,train_data,shuffled_baseline,0.019156427990657355,0.08325729451018739,[-0.11892122]
