cytokine,data_split,shuffle,predicted_value,actual_value,r2
IL-15,test_data,final,0.049857700814242054,0.04353597740303984,[0.68939931]
IL-15,train_data,final,0.04417633126854256,0.052019371132224414,[0.91133202]
