cytokine,data_split,shuffle,predicted_value,actual_value,r2
IL-12p40,test_data,final,0.07121057909747797,0.11102461057531414,[0.86262934]
IL-12p40,train_data,final,0.06135624236468975,0.08325729451018739,[0.87356921]
