cytokine,data_split,shuffle,predicted_value,actual_value,r2
IL-18,test_data,final,0.06262731969487141,0.059474183563552656,[0.91316903]
IL-18,train_data,final,0.054883810121210005,0.058090880188105404,[0.98059982]
