cytokine,data_split,shuffle,predicted_value,actual_value,r2
IL-17A,test_data,final,0.010917369999627849,0.027738375880975132,[0.48344507]
IL-17A,train_data,final,0.014334231405173122,0.021297221085664016,[0.83939546]
