cytokine,data_split,shuffle,predicted_value,actual_value,r2
IL-17D,test_data,final,0.0203785084184746,0.03517328571923889,[0.50971187]
IL-17D,train_data,final,0.01843673881035164,0.03251387729500098,[0.68874565]
