cytokine,data_split,shuffle,predicted_value,actual_value,r2
IL-15_IL-15Ralphacomplex,test_data,final,0.0022049162985718104,0.03232789551720395,[0.00459371]
IL-15_IL-15Ralphacomplex,train_data,final,0.0025647884324129914,0.028368813979437992,[0.17517372]
