cytokine,data_split,shuffle,predicted_value,actual_value,r2
IL-11,test_data,final,0.012478509500115541,0.03916864178183563,[-0.16343157]
IL-11,train_data,final,0.011446490561210063,0.031897201597238474,[0.57768658]
