cytokine,data_split,shuffle,predicted_value,actual_value,r2
IL-17E(IL-25),test_data,shuffled_baseline,0.007642649738154494,0.04241574095960631,[-0.44804976]
IL-17E(IL-25),train_data,shuffled_baseline,0.009063420148593392,0.023791378613320896,[-0.56242304]
