cytokine,data_split,shuffle,predicted_value,actual_value,r2
IL-11,test_data,shuffled_baseline,0.0087613418138417,0.03916864178183563,[-0.04826782]
IL-11,train_data,shuffled_baseline,0.00880735236746885,0.031897201597238474,[-0.06873593]
