cytokine,data_split,shuffle,predicted_value,actual_value,r2
IL-12p70,test_data,final,0.00507515493025603,0.029824208773589933,[0.13456785]
IL-12p70,train_data,final,0.005390698681604502,0.0405680275317475,[0.21528696]
