cytokine,data_split,shuffle,predicted_value,actual_value,r2
IL-24,test_data,shuffled_baseline,0.008688728073192308,0.05359072601624963,[-0.20612839]
IL-24,train_data,shuffled_baseline,0.014080836203802665,0.04604424267597563,[-0.25670759]
