cytokine,data_split,shuffle,predicted_value,actual_value,r2
IL-27,test_data,shuffled_baseline,0.0023372676706655254,0.042960380018057166,[-0.06450445]
IL-27,train_data,shuffled_baseline,0.002225196244175137,0.04785647834457465,[-0.10645106]
