cytokine,data_split,shuffle,predicted_value,actual_value,r2
IL-22BP,test_data,final,0.0406974306080006,0.04470523158412791,[0.82780617]
IL-22BP,train_data,final,0.04144971441529294,0.04855921757574306,[0.89394474]
