cytokine,data_split,shuffle,predicted_value,actual_value,r2
IL-22,test_data,shuffled_baseline,0.003944151520554341,0.04756986156934587,[-0.05779266]
IL-22,train_data,shuffled_baseline,0.005243099747210585,0.032694040994017154,[-0.32077145]
