cytokine,data_split,shuffle,predicted_value,actual_value,r2
IL-23,test_data,final,0.004426744443006606,0.03663776347425491,[-0.07273969]
IL-23,train_data,final,0.004624180035467993,0.03433531029340338,[0.27962743]
