cytokine,data_split,shuffle,predicted_value,actual_value,r2
IL-28A,test_data,final,0.02812717227366423,0.04324386351019568,[0.40546056]
IL-28A,train_data,final,0.027614638408639865,0.04796453709803398,[0.6556816]
