cytokine,data_split,shuffle,predicted_value,actual_value,r2
IL-29,test_data,final,0.002118593000386379,0.04586995442451725,[0.10155757]
IL-29,train_data,final,0.0017474273583770765,0.03518366196946238,[0.11885807]
