cytokine,data_split,shuffle,predicted_value,actual_value,r2
IL-24,test_data,final,0.021571227338866832,0.05359072601624963,[0.48696623]
IL-24,train_data,final,0.020005141437737073,0.04604424267597563,[0.49846507]
