cytokine,data_split,shuffle,predicted_value,actual_value,r2
IL-2RA,test_data,shuffled_baseline,0.004410484945368375,0.024257029989421666,[-0.23354436]
IL-2RA,train_data,shuffled_baseline,0.006371194897005459,0.023360311144420023,[-0.34751796]
