cytokine,data_split,shuffle,predicted_value,actual_value,r2
IL-21,test_data,final,0.0016706980461283882,0.037512964318465986,[0.12167146]
IL-21,train_data,final,0.0019548911909119224,0.025830965631737035,[0.1446538]
