cytokine,data_split,shuffle,predicted_value,actual_value,r2
IL-22,test_data,final,0.02722082224515072,0.04756986156934587,[0.68762474]
IL-22,train_data,final,0.029215476886814522,0.032694040994017154,[0.93941291]
