cytokine,data_split,shuffle,predicted_value,actual_value,r2
IL-2,test_data,final,0.00968864427184634,0.02385227472808848,[0.48177042]
IL-2,train_data,final,0.01193497934775368,0.018643890519874817,[0.79688994]
