cytokine,data_split,shuffle,predicted_value,actual_value,r2
IL-21,test_data,shuffled_baseline,0.002409600251483061,0.037512964318465986,[-0.02011086]
IL-21,train_data,shuffled_baseline,0.0027485496855864777,0.025830965631737035,[-0.04949936]
