cytokine,data_split,shuffle,predicted_value,actual_value,r2
IL-31,test_data,final,0.03428631475770806,0.03898843253624345,[-0.72804341]
IL-31,train_data,final,0.03236191884344483,0.040870702460117536,[0.93755047]
