cytokine,data_split,shuffle,predicted_value,actual_value,r2
IL-32(alpha),test_data,final,0.0032669018306911695,0.03639745668956289,[0.12324983]
IL-32(alpha),train_data,final,0.0033664239069061915,0.03541856324335224,[0.20048083]
