cytokine,data_split,shuffle,predicted_value,actual_value,r2
IL-3,test_data,final,0.03542322824338234,0.047391199925478834,[0.65814256]
IL-3,train_data,final,0.02653447035474802,0.03862137835252084,[0.78067567]
