cytokine,data_split,shuffle,predicted_value,actual_value,r2
IL-35,test_data,final,0.011879669610554,0.028553425211926633,[0.06664008]
IL-35,train_data,final,0.011219775539510682,0.038934891107371174,[0.35380273]
