cytokine,data_split,shuffle,predicted_value,actual_value,r2
IL-31,test_data,shuffled_baseline,0.013650004470751006,0.03898843253624345,[-0.34807544]
IL-31,train_data,shuffled_baseline,0.036068464083782115,0.040870702460117536,[-1.04134426]
