cytokine,data_split,shuffle,predicted_value,actual_value,r2
IL-33,test_data,final,0.006863704532496395,0.025988007959127455,[0.10241323]
IL-33,train_data,final,0.007479280971494983,0.031237206226519685,[0.28476099]
