cytokine,data_split,shuffle,predicted_value,actual_value,r2
IL-35,test_data,shuffled_baseline,0.0010391009643421739,0.028553425211926633,[-0.09722134]
IL-35,train_data,shuffled_baseline,0.001132218892444747,0.038934891107371174,[-0.03266181]
