cytokine,data_split,shuffle,predicted_value,actual_value,r2
IL-4,test_data,final,0.01900791274642118,0.0359940417917301,[0.06910933]
IL-4,train_data,final,0.01989190647945753,0.02403725487972497,[0.965848]
