cytokine,data_split,shuffle,predicted_value,actual_value,r2
IL-4,test_data,shuffled_baseline,0.01519397977309194,0.0359940417917301,[-0.59033785]
IL-4,train_data,shuffled_baseline,0.026674144351478468,0.02403725487972497,[-1.25903207]
