cytokine,data_split,shuffle,predicted_value,actual_value,r2
IL-5,test_data,final,0.006352165372389673,0.02171689591688559,[0.15338779]
IL-5,train_data,final,0.005477804434863098,0.01588022092431409,[0.43623362]
