cytokine,data_split,shuffle,predicted_value,actual_value,r2
IL-6Ralpha,test_data,final,0.03064767028699667,0.03423693477272805,[0.68667571]
IL-6Ralpha,train_data,final,0.030361407503544054,0.03944184532906586,[0.88938615]
