cytokine,data_split,shuffle,predicted_value,actual_value,r2
IL-6,test_data,final,0.17732189806125676,0.18143475456998995,[0.98799681]
IL-6,train_data,final,0.17246412188522448,0.1741702973527841,[0.99872495]
