cytokine,data_split,shuffle,predicted_value,actual_value,r2
IL-7,test_data,shuffled_baseline,0.008400227260341977,0.025736849049604674,[-0.14129101]
IL-7,train_data,shuffled_baseline,0.009453594227988889,0.015427015689514054,[0.10031603]
