cytokine,data_split,shuffle,predicted_value,actual_value,r2
IL-7,test_data,final,0.0018560283341962271,0.025736849049604674,[0.18444749]
IL-7,train_data,final,0.001855743031037039,0.015427015689514054,[0.16422355]
