cytokine,data_split,shuffle,predicted_value,actual_value,r2
IL-8,test_data,final,0.03564689023743032,0.033392040056610436,[0.85230881]
IL-8,train_data,final,0.03756083115714778,0.03975647937850165,[0.98049643]
