cytokine,data_split,shuffle,predicted_value,actual_value,r2
IL-9,test_data,final,0.007675535628916376,0.02557219745359069,[-0.41048862]
IL-9,train_data,final,0.009315486251740258,0.04297465542314431,[0.38521355]
