cytokine,data_split,shuffle,predicted_value,actual_value,r2
IL-9,test_data,shuffled_baseline,0.0010333076902609066,0.02557219745359069,[-0.22265004]
IL-9,train_data,shuffled_baseline,0.0014843995070491804,0.04297465542314431,[-0.00769351]
