cytokine,data_split,shuffle,predicted_value,actual_value,r2
Leptin,test_data,final,0.02174611642038103,0.03899022498867106,[0.30156369]
Leptin,train_data,final,0.022650521586782355,0.038521884893086014,[0.64150645]
