cytokine,data_split,shuffle,predicted_value,actual_value,r2
LIF,test_data,final,0.022470366967458272,0.0201335426126914,[-1.10006191]
LIF,train_data,final,0.019242430081502823,0.05057715714163597,[0.59329374]
