cytokine,data_split,shuffle,predicted_value,actual_value,r2
LOX1(OLR1),test_data,final,0.08690883641389056,0.08335740774272112,[0.92300845]
LOX1(OLR1),train_data,final,0.08589518119279468,0.09162276353489843,[0.97120877]
