cytokine,data_split,shuffle,predicted_value,actual_value,r2
M-CF,test_data,shuffled_baseline,0.0039748318435552776,0.0223584486608867,[-0.22585154]
M-CF,train_data,shuffled_baseline,0.004860859819549005,0.021541927184629824,[-0.13296604]
