cytokine,data_split,shuffle,predicted_value,actual_value,r2
M-CFR(CD115),test_data,final,0.011673575223336442,0.03019546926852829,[-0.29036498]
M-CFR(CD115),train_data,final,0.009526681150561246,0.041055387255376115,[0.36734826]
