cytokine,data_split,shuffle,predicted_value,actual_value,r2
M-CF,test_data,final,0.009927726789274841,0.0223584486608867,[0.11337369]
M-CF,train_data,final,0.005915586145162734,0.021541927184629824,[0.47744265]
