cytokine,data_split,shuffle,predicted_value,actual_value,r2
Mesothelin,test_data,final,0.025203253549959153,0.05417262974117589,[0.68716179]
Mesothelin,train_data,final,0.02426877995045866,0.036993292338387315,[0.72720204]
