cytokine,data_split,shuffle,predicted_value,actual_value,r2
MIF,test_data,final,0.07059693914060047,0.07009898236055906,[0.86232692]
MIF,train_data,final,0.06590237473973579,0.07195494711793152,[0.95059025]
