cytokine,data_split,shuffle,predicted_value,actual_value,r2
MMP-2,test_data,shuffled_baseline,0.023426018196934444,0.0320675592387743,[-0.82526309]
MMP-2,train_data,shuffled_baseline,0.02194877064222402,0.031657884098678125,[-1.11923032]
