cytokine,data_split,shuffle,predicted_value,actual_value,r2
MMP-10,test_data,final,0.002557757591159195,0.019729037006138882,[0.27472465]
MMP-10,train_data,final,0.0023967089824251217,0.018027040838354578,[0.22664366]
