cytokine,data_split,shuffle,predicted_value,actual_value,r2
MMP-7,test_data,final,0.014119211718993798,0.0326348200163593,[0.23230618]
MMP-7,train_data,final,0.011226794564824175,0.03684264277203323,[0.44689478]
