cytokine,data_split,shuffle,predicted_value,actual_value,r2
MMP-12,test_data,final,0.034921471480038574,0.02813421418122822,[-0.49953988]
MMP-12,train_data,final,0.02436528327917559,0.031090097554124386,[0.95013893]
