cytokine,data_split,shuffle,predicted_value,actual_value,r2
MMP-1,test_data,final,0.02855637142543808,0.038614275772359354,[0.90517055]
MMP-1,train_data,final,0.02752968181082569,0.02887834464463394,[0.99042239]
