cytokine,data_split,shuffle,predicted_value,actual_value,r2
MMP-9,test_data,shuffled_baseline,0.0017750343589650528,0.08068156414863364,[-0.00251219]
MMP-9,train_data,shuffled_baseline,0.0024405080028485895,0.08815063680439636,[-0.08523893]
