cytokine,data_split,shuffle,predicted_value,actual_value,r2
MMP-2,test_data,final,0.0010788109075745042,0.0320675592387743,[-0.0875909]
MMP-2,train_data,final,0.0012423944426514573,0.031657884098678125,[0.07867254]
