cytokine,data_split,shuffle,predicted_value,actual_value,r2
MMP-9,test_data,final,0.08563752655886529,0.08068156414863364,[0.86714532]
MMP-9,train_data,final,0.08127152471668254,0.08815063680439636,[0.95801624]
