cytokine,data_split,shuffle,predicted_value,actual_value,r2
F-L,test_data,final,0.001390668450158583,0.016858607961666466,[0.08248097]
F-L,train_data,final,0.0015446150562947525,0.017248332686959814,[0.15096645]
