cytokine,data_split,shuffle,predicted_value,actual_value,r2
RG1beta1,test_data,final,0.02349209486796442,0.0349389658683905,[0.10444383]
RG1beta1,train_data,final,0.019724853995750753,0.033935158313697644,[0.69341347]
