cytokine,data_split,shuffle,predicted_value,actual_value,r2
PCK9,test_data,final,0.001210689788312159,0.02600396804910789,[-0.02793152]
PCK9,train_data,final,0.0014679486758294538,0.015056076270475977,[0.22152459]
