cytokine,data_split,shuffle,predicted_value,actual_value,r2
PDGF-BB,test_data,final,0.002466503254704821,0.02419062625521527,[-0.03323355]
PDGF-BB,train_data,final,0.0023081208974573358,0.02601515016669892,[0.14824685]
