cytokine,data_split,shuffle,predicted_value,actual_value,r2
PLGF,test_data,final,0.0319244946774545,0.03961741649822468,[0.46235973]
PLGF,train_data,final,0.029928794487546498,0.05711786329428624,[0.6215223]
