cytokine,data_split,shuffle,predicted_value,actual_value,r2
PTX3(Pentraxin3),test_data,final,0.028321649420981518,0.04427303662780161,[0.60220432]
PTX3(Pentraxin3),train_data,final,0.02889216734794989,0.041445661497444886,[0.81630513]
