cytokine,data_split,shuffle,predicted_value,actual_value,r2
Resistin,test_data,final,0.004514470005894711,0.028430509661417722,[0.12905826]
Resistin,train_data,final,0.004833665829839574,0.022184695226679263,[0.4210728]
