cytokine,data_split,shuffle,predicted_value,actual_value,r2
AA,test_data,shuffled_baseline,0.0011508262671912468,0.02305799718687897,[-0.13899951]
AA,train_data,shuffled_baseline,0.0008693748228581446,0.02362395337921261,[-0.06281964]
