cytokine,data_split,shuffle,predicted_value,actual_value,r2
AA,test_data,final,0.02958209368987765,0.02305799718687897,[0.31246441]
AA,train_data,final,0.01797952341414666,0.02362395337921261,[0.86349113]
