cytokine,data_split,shuffle,predicted_value,actual_value,r2
CF,test_data,final,0.0055057922823686985,0.02857874719278166,[-0.20372021]
CF,train_data,final,0.005336072207496534,0.03365216233675948,[0.30457512]
