cytokine,data_split,shuffle,predicted_value,actual_value,r2
T2(IL-33R),test_data,final,0.012161265724781364,0.028250303857222818,[0.01432182]
T2(IL-33R),train_data,final,0.012386531266235972,0.035674393811190294,[0.43530365]
