cytokine,data_split,shuffle,predicted_value,actual_value,r2
T2(IL-33R),test_data,shuffled_baseline,0.007244944023309348,0.028250303857222818,[-0.40671078]
T2(IL-33R),train_data,shuffled_baseline,0.007853279580191904,0.035674393811190294,[-0.03722732]
