cytokine,data_split,shuffle,predicted_value,actual_value,r2
TGF-beta2,test_data,final,0.019843111526037835,0.026451220916328337,[-0.40008333]
TGF-beta2,train_data,final,0.0130194450498201,0.024597259157530478,[0.7017545]
