cytokine,data_split,shuffle,predicted_value,actual_value,r2
TGF-beta1(total),test_data,final,0.002265027790445216,0.021286495171486706,[-0.15900373]
TGF-beta1(total),train_data,final,0.002579770027713966,0.030452504141959394,[0.14867172]
