cytokine,data_split,shuffle,predicted_value,actual_value,r2
TGF-beta3,test_data,final,0.038773874596918535,0.035631970666718575,[-0.8677594]
TGF-beta3,train_data,final,0.03196783193997826,0.037307303402168195,[0.96731987]
