cytokine,data_split,shuffle,predicted_value,actual_value,r2
Tie-2,test_data,final,0.018656255498313193,0.047299506307965755,[0.5681528]
Tie-2,train_data,final,0.018233517399032347,0.03488352072603029,[0.60272115]
