cytokine,data_split,shuffle,predicted_value,actual_value,r2
TIMP1,test_data,final,0.024929530396162834,0.029536524127890287,[0.91540862]
TIMP1,train_data,final,0.019762520357251304,0.021790661383465526,[0.94549271]
