cytokine,data_split,shuffle,predicted_value,actual_value,r2
TissueFactor(TF),test_data,final,0.02511057749359087,0.04750175541980787,[0.56294889]
TissueFactor(TF),train_data,final,0.023793519626325706,0.045806714456345654,[0.59040236]
