cytokine,data_split,shuffle,predicted_value,actual_value,r2
TFRII,test_data,final,0.05872727740483274,0.06359023339978244,[0.84545495]
TFRII,train_data,final,0.05001260235498587,0.05165086166982735,[0.99484977]
