cytokine,data_split,shuffle,predicted_value,actual_value,r2
TFRI,test_data,shuffled_baseline,0.006022016667853424,0.027746777943215097,[-0.49158334]
TFRI,train_data,shuffled_baseline,0.008946941574356644,0.02456296255842939,[-0.72745809]
