cytokine,data_split,shuffle,predicted_value,actual_value,r2
TFRI,test_data,final,0.0003276574451232185,0.027746777943215097,[0.06696341]
TFRI,train_data,final,0.0003659877963089745,0.02456296255842939,[0.03702782]
