cytokine,data_split,shuffle,predicted_value,actual_value,r2
TFalpha,test_data,final,0.14172360768867356,0.1481158489094273,[0.97363401]
TFalpha,train_data,final,0.13469358123398983,0.14022717397058732,[0.99010637]
