cytokine,data_split,shuffle,predicted_value,actual_value,r2
TRAIL,test_data,final,0.0038373150461584408,0.02980012495951451,[-0.07282475]
TRAIL,train_data,final,0.003683205196072186,0.014581429537828497,[0.40670623]
