cytokine,data_split,shuffle,predicted_value,actual_value,r2
TREM2,test_data,shuffled_baseline,0.004373034395332005,0.03071196621378324,[-0.15688966]
TREM2,train_data,shuffled_baseline,0.004037761922223293,0.04384446735298852,[-0.02820904]
