cytokine,data_split,shuffle,predicted_value,actual_value,r2
TREM2,test_data,final,0.011154526209111107,0.03071196621378324,[0.24285297]
TREM2,train_data,final,0.010386551555899726,0.04384446735298852,[0.3434032]
