cytokine,data_split,shuffle,predicted_value,actual_value,r2
TLP,test_data,final,0.004953838200338353,0.03025343328556608,[0.21383976]
TLP,train_data,final,0.005404422402566447,0.023686808708466667,[0.27862945]
