cytokine,data_split,shuffle,predicted_value,actual_value,r2
TWEAK,test_data,final,0.007436978351435788,0.035931311103646085,[0.09032549]
TWEAK,train_data,final,0.009919763970481298,0.038725587474926146,[0.30187087]
