cytokine,data_split,shuffle,predicted_value,actual_value,r2
uPA,test_data,final,0.01272247985318645,0.03676579743266611,[0.41236497]
uPA,train_data,final,0.0121576147956063,0.0325943422309191,[0.43915905]
