cytokine,data_split,shuffle,predicted_value,actual_value,r2
VCAM-1,test_data,final,0.0074066015847084,0.029586233535887182,[-0.36772934]
VCAM-1,train_data,final,0.005767746172803829,0.027377492498947355,[0.37006812]
