cytokine,data_split,shuffle,predicted_value,actual_value,r2
VEGF-D,test_data,final,0.023435161175917655,0.03967922549122623,[-0.0302163]
VEGF-D,train_data,final,0.02160454019074417,0.04565482445704283,[0.54830595]
