cytokine,data_split,shuffle,predicted_value,actual_value,r2
VEGF-C,test_data,final,0.0034168934245929167,0.02670292953641685,[0.04822901]
VEGF-C,train_data,final,0.0044215315830611985,0.02696869425033718,[0.28140397]
