cytokine,data_split,shuffle,predicted_value,actual_value,r2
VEGFReceptor2(Flk-1),test_data,final,0.0005512419289619608,0.028541159328585586,[-0.02549669]
VEGFReceptor2(Flk-1),train_data,final,0.0006237466656969617,0.018329511870845,[0.07729567]
