cytokine,data_split,shuffle,predicted_value,actual_value,r2
VEGF-A(165),test_data,final,0.03700979165550586,0.046738805999850204,[0.4630714]
VEGF-A(165),train_data,final,0.02568497401382803,0.040875819596879755,[0.74753449]
