cytokine,data_split,shuffle,predicted_value,actual_value,r2
VEGFR-1,test_data,final,0.03725202729613028,0.061609158303596395,[0.74409545]
VEGFR-1,train_data,final,0.04019079882767675,0.05812682492933146,[0.83728792]
