cytokine,data_split,shuffle,predicted_value,actual_value,r2
VEGFR-1,test_data,shuffled_baseline,0.001945272532045549,0.061609158303596395,[0.01960536]
VEGFR-1,train_data,shuffled_baseline,0.0027599311326222905,0.05812682492933146,[-0.03800972]
