cytokine,data_split,shuffle,predicted_value,actual_value,r2
VEGF-A(165),test_data,shuffled_baseline,0.030131819211751898,0.046738805999850204,[-0.69439746]
VEGF-A(165),train_data,shuffled_baseline,0.022292422992945156,0.040875819596879755,[-0.64248594]
