cytokine,data_split,shuffle,predicted_value,actual_value,r2
WIP-1(CC4),test_data,final,0.002007039373867222,0.0277981014514193,[0.08821856]
WIP-1(CC4),train_data,final,0.0014756053513016979,0.029009984717627443,[0.14764211]
