cytokine,data_split,shuffle,predicted_value,actual_value,r2
XCL1(Lymphotactin),test_data,final,0.02048050435809079,0.02890533705955564,[0.65955376]
XCL1(Lymphotactin),train_data,final,0.019216160666937918,0.03922648989998377,[0.59506056]
