oneb_Metadata_Treatment_Dose_Inhibitor_Dose,DMSO_0.100_DMSO_0.025,LPS_0.010_DMSO_0.025,LPS_0.100_DMSO_0.025,LPS_1.000_DMSO_0.025,LPS_10.000_DMSO_0.025,LPS_100.000_DMSO_0.025,Thapsigargin_1.000_DMSO_0.025,Thapsigargin_10.000_DMSO_0.025
DMSO_0.100_DMSO_0.025,1.0,0.9921267582503971,0.9872923166257622,0.9733562876874878,0.9708939477108403,0.96146487340232,0.9522407425628999,0.9233383625335317
LPS_0.010_DMSO_0.025,0.9921267582503971,1.0,0.985534001515017,0.9746656428278951,0.9690006313784194,0.9608923407640366,0.9580147741061399,0.929353753198541
LPS_0.100_DMSO_0.025,0.9872923166257622,0.985534001515017,1.0,0.9934853484411028,0.9916694015096148,0.9824157621876524,0.9433986098827215,0.9191051412618841
LPS_1.000_DMSO_0.025,0.9733562876874878,0.9746656428278951,0.9934853484411028,1.0,0.9956177325038857,0.9892981211667955,0.9351448681215478,0.9182214193035784
LPS_10.000_DMSO_0.025,0.9708939477108403,0.9690006313784194,0.9916694015096148,0.9956177325038857,1.0,0.9903866188048065,0.9293769924709934,0.9121620323534282
LPS_100.000_DMSO_0.025,0.96146487340232,0.9608923407640366,0.9824157621876524,0.9892981211667955,0.9903866188048065,1.0,0.9226133438029486,0.9107356601999439
Thapsigargin_1.000_DMSO_0.025,0.9522407425628999,0.9580147741061399,0.9433986098827215,0.9351448681215478,0.9293769924709934,0.9226133438029486,1.0,0.9840372413562408
Thapsigargin_10.000_DMSO_0.025,0.9233383625335317,0.929353753198541,0.9191051412618841,0.9182214193035784,0.9121620323534282,0.9107356601999439,0.9840372413562408,1.0
