{
    "units": [
        32
    ],
    "dropout": [
        0.10477368940428276
    ],
    "n_layers": 1,
    "optimizer": "SGD",
    "learning_rate": 0.029695071892332656
}
