{
    "units": [
        17
    ],
    "dropout": [
        0.12578233282158616
    ],
    "n_layers": 1,
    "optimizer": "SGD",
    "learning_rate": 0.08212871863167542
}
