{
    "units": [
        41
    ],
    "dropout": [
        0.16592946359572314
    ],
    "n_layers": 1,
    "optimizer": "SGD",
    "learning_rate": 0.05015295651180697
}