{
    "units": [
        2,
        3,
        10
    ],
    "dropout": [
        0.16068104095580005,
        0.12384141541485791,
        0.3536794458049799
    ],
    "n_layers": 3,
    "optimizer": "Adam",
    "learning_rate": 0.09266750606764909
}
