{
    "units": [
        44
    ],
    "dropout": [
        0.2335140557899659
    ],
    "n_layers": 1,
    "optimizer": "Adam",
    "learning_rate": 0.0004800554912314627
}
