{
    "units": [
        46,
        44
    ],
    "dropout": [
        0.36322728349690414,
        0.10074946650030893
    ],
    "n_layers": 2,
    "optimizer": "SGD",
    "learning_rate": 0.08461303371325915
}
