{
    "units": [
        48,
        31,
        40
    ],
    "dropout": [
        0.2663892159415113,
        0.1692691018945324,
        0.17559287086658346
    ],
    "n_layers": 3,
    "optimizer": "Adam",
    "learning_rate": 0.004756147540534384
}
