{
    "units": [
        4,
        7
    ],
    "dropout": [
        0.20462053948930195,
        0.32694284053004297
    ],
    "n_layers": 2,
    "optimizer": "Adam",
    "learning_rate": 0.015207514762617669
}
