{
    "units": [
        31,
        29,
        48
    ],
    "dropout": [
        0.21886269238118589,
        0.3082609116885793,
        0.29848798858013253
    ],
    "n_layers": 3,
    "optimizer": "Adam",
    "learning_rate": 0.009168029704080727
}
