{
    "units": [
        50
    ],
    "dropout": [
        0.2761006792828209
    ],
    "n_layers": 1,
    "optimizer": "SGD",
    "learning_rate": 0.07149477000486187
}