{
    "units": [
        42
    ],
    "dropout": [
        0.12687944738862642
    ],
    "n_layers": 1,
    "optimizer": "SGD",
    "learning_rate": 0.014827754539256612
}
