{
    "units": [
        33,
        38
    ],
    "dropout": [
        0.2558914913322639,
        0.39680291126467204
    ],
    "n_layers": 2,
    "optimizer": "Adam",
    "learning_rate": 0.007191174851085008
}