{
    "units": [
        23
    ],
    "dropout": [
        0.20046337132013828
    ],
    "n_layers": 1,
    "optimizer": "SGD",
    "learning_rate": 0.08208377353880117
}
