{
    "units": [
        17
    ],
    "dropout": [
        0.25600061912340516
    ],
    "n_layers": 1,
    "optimizer": "SGD",
    "learning_rate": 0.04254519379200674
}
