{
    "units": [
        42,
        31,
        38,
        11,
        50
    ],
    "dropout": [
        0.33271752373796615,
        0.22348872744979542,
        0.31685741385573885,
        0.10211444537693484,
        0.2529966969652797
    ],
    "n_layers": 5,
    "optimizer": "Adam",
    "learning_rate": 0.0023561159137754613
}
