{
    "units": [
        19
    ],
    "dropout": [
        0.23868805827253214
    ],
    "n_layers": 1,
    "optimizer": "SGD",
    "learning_rate": 0.07207655175603882
}