oneb_Metadata_Treatment_Dose_Inhibitor_Dose,DMSO_0.100_DMSO_0.025,LPS_0.010_DMSO_0.025,LPS_0.100_DMSO_0.025,LPS_1.000_DMSO_0.025,LPS_10.000_DMSO_0.025,LPS_100.000_DMSO_0.025,Thapsigargin_1.000_DMSO_0.025,Thapsigargin_10.000_DMSO_0.025
DMSO_0.100_DMSO_0.025,1.0,0.6060173416143001,0.6869051409112282,0.1813578655939758,0.12082370938369498,-0.17925761284801509,-0.01979943150658525,-0.22476773772354136
LPS_0.010_DMSO_0.025,0.6060173416143001,1.0,0.5252336547246513,0.24551758312515837,-0.017112578574618214,-0.32577992192323535,0.1525082369370992,-0.06674517536372127
LPS_0.100_DMSO_0.025,0.6869051409112282,0.5252336547246513,1.0,0.4604758896226915,0.35649106647232204,-0.1521307204532123,-0.17014519230796687,-0.2932543456699988
LPS_1.000_DMSO_0.025,0.1813578655939758,0.24551758312515837,0.4604758896226915,1.0,0.53908075154212,0.17573231468603023,-0.2770612794909205,-0.2279712759957455
LPS_10.000_DMSO_0.025,0.12082370938369498,-0.017112578574618214,0.35649106647232204,0.53908075154212,1.0,0.33015445486860023,-0.36350519286559657,-0.30352057527812976
LPS_100.000_DMSO_0.025,-0.17925761284801509,-0.32577992192323535,-0.1521307204532123,0.17573231468603023,0.33015445486860023,1.0,-0.3858478645920518,-0.2178373095490892
Thapsigargin_1.000_DMSO_0.025,-0.01979943150658525,0.1525082369370992,-0.17014519230796687,-0.2770612794909205,-0.36350519286559657,-0.3858478645920518,1.0,0.878016651246293
Thapsigargin_10.000_DMSO_0.025,-0.22476773772354136,-0.06674517536372127,-0.2932543456699988,-0.2279712759957455,-0.30352057527812976,-0.2178373095490892,0.878016651246293,1.0
