{
    "units": [
        3,
        2,
        4
    ],
    "dropout": [
        0.20861322556483705,
        0.12322744449344877,
        0.15018363090739176
    ],
    "n_layers": 3,
    "optimizer": "Adam",
    "learning_rate": 0.07137255492537165
}
