{
    "units": [
        8,
        9,
        6
    ],
    "dropout": [
        0.18626532103018148,
        0.20840331129457537,
        0.34346563974411676
    ],
    "n_layers": 3,
    "optimizer": "SGD",
    "learning_rate": 0.06585137869425761
}
