{
    "units": [
        8,
        7,
        7
    ],
    "dropout": [
        0.3069410870247633,
        0.16847129350609547,
        0.22902002830093224
    ],
    "n_layers": 3,
    "optimizer": "SGD",
    "learning_rate": 0.054999655387285774
}
