{
    "units": [
        4,
        6,
        4
    ],
    "dropout": [
        0.26370389284427864,
        0.3593577561342519,
        0.2794500617684094
    ],
    "n_layers": 3,
    "optimizer": "RMSprop",
    "learning_rate": 0.010681632608229663
}
