{
    "units": [
        7,
        6,
        8
    ],
    "dropout": [
        0.3637306346328516,
        0.3133583234769053,
        0.19400110522016664
    ],
    "n_layers": 3,
    "optimizer": "SGD",
    "learning_rate": 0.09929972135841544
}
