{
    "units": [
        4,
        9,
        5
    ],
    "dropout": [
        0.3677778426670598,
        0.2827517487298523,
        0.3282112253437409
    ],
    "n_layers": 3,
    "optimizer": "Adam",
    "learning_rate": 0.04329815557837744
}
