{
    "units": [
        7,
        5,
        7
    ],
    "dropout": [
        0.2991993691849623,
        0.34411710404808227,
        0.15984630056696433
    ],
    "n_layers": 3,
    "optimizer": "Adam",
    "learning_rate": 0.05424092015113252
}
