{
    "units": [
        9,
        5,
        5
    ],
    "dropout": [
        0.365238309183035,
        0.26041853206535914,
        0.2713483953058148
    ],
    "n_layers": 3,
    "optimizer": "Adam",
    "learning_rate": 0.01182575476658291
}
