{
    "units": [
        7,
        4
    ],
    "dropout": [
        0.111256447752561,
        0.25551070360953587
    ],
    "n_layers": 2,
    "optimizer": "Adam",
    "learning_rate": 0.03127269269166074
}
