{
    "units": [
        4,
        8,
        4
    ],
    "dropout": [
        0.2806124006848025,
        0.10508949003300871,
        0.34168485383740443
    ],
    "n_layers": 3,
    "optimizer": "SGD",
    "learning_rate": 0.06672785110758515
}
