{
    "units": [
        6,
        8,
        9
    ],
    "dropout": [
        0.22959418244671384,
        0.27700863916608054,
        0.19337693662081654
    ],
    "n_layers": 3,
    "optimizer": "Adam",
    "learning_rate": 0.037891271656089964
}
