{
    "units": [
        6,
        5,
        8
    ],
    "dropout": [
        0.12099597754020872,
        0.3508182271323237,
        0.23840987770655084
    ],
    "n_layers": 3,
    "optimizer": "Adam",
    "learning_rate": 0.070006888623645
}
