{
    "units": [
        5,
        4,
        6
    ],
    "dropout": [
        0.3215057134116111,
        0.37263626132323535,
        0.291377128402314
    ],
    "n_layers": 3,
    "optimizer": "SGD",
    "learning_rate": 0.06200084673742463
}
