{
    "units": [
        4,
        4,
        7
    ],
    "dropout": [
        0.2102339623191532,
        0.38935594919938965,
        0.22845026151292808
    ],
    "n_layers": 3,
    "optimizer": "Adam",
    "learning_rate": 0.06322013142295038
}
