{
    "units": [
        3,
        6
    ],
    "dropout": [
        0.3512266649310435,
        0.12135266150788623
    ],
    "n_layers": 2,
    "optimizer": "SGD",
    "learning_rate": 0.09348446215658343
}
