{
    "units": [
        4,
        2
    ],
    "dropout": [
        0.34501648084151526,
        0.29821199513530694
    ],
    "n_layers": 2,
    "optimizer": "RMSprop",
    "learning_rate": 0.0698948827288018
}
