{
    "units": [
        4,
        3
    ],
    "dropout": [
        0.12928055166193456,
        0.39923540755286624
    ],
    "n_layers": 2,
    "optimizer": "SGD",
    "learning_rate": 0.06780862539436505
}
