{
    "units": [
        4,
        7,
        6
    ],
    "dropout": [
        0.10154749541882997,
        0.3145546892190071,
        0.37347945067887767
    ],
    "n_layers": 3,
    "optimizer": "SGD",
    "learning_rate": 0.09925235432762594
}
