{
    "units": [
        9,
        10,
        9
    ],
    "dropout": [
        0.10118168261197816,
        0.1640476470538663,
        0.3071770570317361
    ],
    "n_layers": 3,
    "optimizer": "Adam",
    "learning_rate": 0.031046597479099484
}
