{
    "units": [
        7,
        3,
        7
    ],
    "dropout": [
        0.217046522304174,
        0.21015098403410895,
        0.27019206643627625
    ],
    "n_layers": 3,
    "optimizer": "Adam",
    "learning_rate": 0.07433738819436624
}
