{
    "units": [
        8,
        8,
        3
    ],
    "dropout": [
        0.3075411991506013,
        0.10608510315948999,
        0.389165951848611
    ],
    "n_layers": 3,
    "optimizer": "RMSprop",
    "learning_rate": 0.010585726827422141
}
