{
    "units": [
        2,
        2,
        5
    ],
    "dropout": [
        0.12400990433232875,
        0.19458723816356976,
        0.35697477330835303
    ],
    "n_layers": 3,
    "optimizer": "SGD",
    "learning_rate": 0.09725425397872994
}
