{
    "units": [
        3,
        3
    ],
    "dropout": [
        0.2800275795123267,
        0.28833063630426103
    ],
    "n_layers": 2,
    "optimizer": "Adam",
    "learning_rate": 0.006129491477952446
}
