{
    "units": [
        10,
        6,
        3
    ],
    "dropout": [
        0.36435638296067907,
        0.3179636438629103,
        0.1421762834770218
    ],
    "n_layers": 3,
    "optimizer": "SGD",
    "learning_rate": 0.05811910484663538
}
