{
    "units": [
        10,
        8,
        10
    ],
    "dropout": [
        0.21486656802588555,
        0.37503658696028697,
        0.11528166041908446
    ],
    "n_layers": 3,
    "optimizer": "Adam",
    "learning_rate": 0.02370877530395974
}
