{
    "units": [
        4,
        7,
        3
    ],
    "dropout": [
        0.1867914271178966,
        0.17034050298226847,
        0.3838720171242467
    ],
    "n_layers": 3,
    "optimizer": "RMSprop",
    "learning_rate": 0.09303334735661982
}
