{
    "units": [
        10,
        6,
        8
    ],
    "dropout": [
        0.10259048809571014,
        0.28329295157006323,
        0.10117232137715991
    ],
    "n_layers": 3,
    "optimizer": "Adam",
    "learning_rate": 0.0034826979008276454
}
