{
    "units": [
        2,
        3
    ],
    "dropout": [
        0.1878289839156942,
        0.31764854888668226
    ],
    "n_layers": 2,
    "optimizer": "RMSprop",
    "learning_rate": 0.06395938132180723
}
