cytokine,data_split,shuffle,predicted_value,actual_value,r2
ActivinA,test_data,final,0.00048145117765259645,0.028672927922804157,[-0.05895094]
ActivinA,train_data,final,0.00043718062962176224,0.027450378321490672,[0.06035352]
