cytokine,data_split,shuffle,predicted_value,actual_value,r2
APRIL,test_data,shuffled_baseline,0.0006036262637520924,0.03956025863369432,[0.01662725]
APRIL,train_data,shuffled_baseline,0.00047195427773455716,0.01996911553127182,[-0.01194441]
