cytokine,data_split,shuffle,predicted_value,actual_value,r2
BAFF,test_data,final,0.007110563504140021,0.0253515171148294,[-0.23099195]
BAFF,train_data,final,0.006051830196076033,0.028993889323320716,[0.42338167]
