cytokine,data_split,shuffle,predicted_value,actual_value,r2
BDF,test_data,shuffled_baseline,0.0026440877804676465,0.020251740141935145,[-0.08817791]
BDF,train_data,shuffled_baseline,0.0028810393376707513,0.017865119832714937,[-0.24092051]
