cytokine,data_split,shuffle,predicted_value,actual_value,r2
BMP2,test_data,shuffled_baseline,0.0016650188814783338,0.0368960671504477,[-0.23392102]
BMP2,train_data,shuffled_baseline,0.0011442021876118121,0.03409165171024276,[-0.12725188]
