cytokine,data_split,shuffle,predicted_value,actual_value,r2
BMP3,test_data,final,0.004577473374084553,0.024632101049947293,[-0.07301309]
BMP3,train_data,final,0.0065649183757060785,0.023128000501324023,[0.44386034]
