cytokine,data_split,shuffle,predicted_value,actual_value,r2
BMP6,test_data,final,0.0007992940178841585,0.03306108521631424,[-0.09557628]
BMP6,train_data,final,0.0005724664675941757,0.021506769921738448,[0.08644275]
