cytokine,data_split,shuffle,predicted_value,actual_value,r2
BMP6,test_data,shuffled_baseline,0.00020073100139379456,0.03306108521631424,[-0.02192289]
BMP6,train_data,shuffled_baseline,0.00010370523233579383,0.021506769921738448,[0.03960264]
