cytokine,data_split,shuffle,predicted_value,actual_value,r2
BMP9,test_data,final,0.0087533880627427,0.04473977746795633,[-0.33695656]
BMP9,train_data,final,0.008719697075185717,0.04202819794831136,[0.4147892]
