cytokine,data_split,shuffle,predicted_value,actual_value,r2
C5_C5a,test_data,shuffled_baseline,0.0001882052940837993,0.021201974474903733,[0.00970251]
C5_C5a,train_data,shuffled_baseline,0.00015872253170894296,0.023325969011821313,[0.02341513]
