cytokine,data_split,shuffle,predicted_value,actual_value,r2
CCL17,test_data,shuffled_baseline,0.01222243522300484,0.05352085903346804,[-0.42314359]
CCL17,train_data,shuffled_baseline,0.011108277792547841,0.028854534029512872,[0.1300307]
