cytokine,data_split,shuffle,predicted_value,actual_value,r2
CCL16,test_data,shuffled_baseline,0.0011366001850031445,0.023811086811355194,[-0.09331145]
CCL16,train_data,shuffled_baseline,0.0008214999940276618,0.024936252216386862,[-0.08233418]
