cytokine,data_split,shuffle,predicted_value,actual_value,r2
CCL18,test_data,final,0.0007293985195131755,0.0150826488477681,[-0.37157505]
CCL18,train_data,final,0.0005757915627326057,0.017941868336630137,[0.10623435]
