cytokine,data_split,shuffle,predicted_value,actual_value,r2
CCL15,test_data,shuffled_baseline,0.00290126998707951,0.03409347922970978,[-0.19331138]
CCL15,train_data,shuffled_baseline,0.0020705527296205903,0.034388472583587,[0.02718203]
