cytokine,data_split,shuffle,predicted_value,actual_value,r2
CCL1,test_data,final,0.002195310270912574,0.037891366806160606,[-0.06755889]
CCL1,train_data,final,0.0035067327405948387,0.02385923752451577,[0.25818333]
