cytokine,data_split,shuffle,predicted_value,actual_value,r2
CCL15,test_data,final,0.005223028887216595,0.03409347922970978,[-0.3235829]
CCL15,train_data,final,0.003165064632478599,0.034388472583587,[0.23529631]
