cytokine,data_split,shuffle,predicted_value,actual_value,r2
CCL19,test_data,final,0.0028534760544215686,0.034367676658085246,[-0.04268499]
CCL19,train_data,final,0.002700980127498429,0.02311836638497048,[0.28065482]
