cytokine,data_split,shuffle,predicted_value,actual_value,r2
CCL11,test_data,final,0.00023033478959880963,0.036217204996192666,[0.00287073]
CCL11,train_data,final,0.00035237433270535136,0.033925877884145035,[0.03663209]
