cytokine,data_split,shuffle,predicted_value,actual_value,r2
CCL13,test_data,final,0.02340624429644087,0.031071312143768428,[-0.41979744]
CCL13,train_data,final,0.019847531735948356,0.033369884896091426,[0.85314935]
