cytokine,data_split,shuffle,predicted_value,actual_value,r2
CCL1,test_data,shuffled_baseline,0.003295168028777896,0.037891366806160606,[-0.07415264]
CCL1,train_data,shuffled_baseline,0.002248088566192774,0.02385923752451577,[-0.23158867]
