cytokine,data_split,shuffle,predicted_value,actual_value,r2
CCL11,test_data,shuffled_baseline,0.013924966733054904,0.036217204996192666,[-0.44998581]
CCL11,train_data,shuffled_baseline,0.012924881317787747,0.033925877884145035,[-0.31649793]
