cytokine,data_split,shuffle,predicted_value,actual_value,r2
CCL20,test_data,shuffled_baseline,0.008026981385580704,0.0409094680493183,[-0.17140851]
CCL20,train_data,shuffled_baseline,0.005981632629018873,0.0557910830577909,[-0.27326969]
