cytokine,data_split,shuffle,predicted_value,actual_value,r2
CCL27,test_data,shuffled_baseline,0.003304809442640476,0.030215893547805107,[-0.33139531]
CCL27,train_data,shuffled_baseline,0.0032108332589989266,0.033938761148302105,[-0.03792325]
