cytokine,data_split,shuffle,predicted_value,actual_value,r2
CCL23,test_data,final,0.0007194774285334704,0.02720737990417993,[-0.02464434]
CCL23,train_data,final,0.0005717777345009913,0.020863177889187352,[0.08818178]
