cytokine,data_split,shuffle,predicted_value,actual_value,r2
CCL2,test_data,final,0.024027245292661478,0.039900742755548516,[0.51481554]
CCL2,train_data,final,0.022816994981439968,0.04914784493567951,[0.71348751]
