cytokine,data_split,shuffle,predicted_value,actual_value,r2
CCL21,test_data,shuffled_baseline,0.007465269266691653,0.027875926087349474,[-0.42147381]
CCL21,train_data,shuffled_baseline,0.009451401659571302,0.028671990162614597,[-0.47987192]
