cytokine,data_split,shuffle,predicted_value,actual_value,r2
CCL27,test_data,final,0.006450779078733456,0.030215893547805107,[-0.44544852]
CCL27,train_data,final,0.004721706782462156,0.033938761148302105,[0.25954088]
