cytokine,data_split,shuffle,predicted_value,actual_value,r2
CCL23,test_data,shuffled_baseline,0.010696968716464802,0.02720737990417993,[-0.30027007]
CCL23,train_data,shuffled_baseline,0.011040260743766706,0.020863177889187352,[-0.34035553]
