cytokine,data_split,shuffle,predicted_value,actual_value,r2
CCL25,test_data,shuffled_baseline,0.014253260542456264,0.019406157889394433,[-0.78965754]
CCL25,train_data,shuffled_baseline,0.011866571232410085,0.030403153572730778,[-0.50261301]
