cytokine,data_split,shuffle,predicted_value,actual_value,r2
CCL2,test_data,shuffled_baseline,0.03292548543312719,0.039900742755548516,[-1.02266435]
CCL2,train_data,shuffled_baseline,0.04095136054630986,0.04914784493567951,[-0.86028417]
