cytokine,data_split,shuffle,predicted_value,actual_value,r2
CCL3,test_data,final,0.0017231400796517827,0.03301951885052949,[-0.14100673]
CCL3,train_data,final,0.0013074372522888704,0.02431883690713756,[0.1695575]
