cytokine,data_split,shuffle,predicted_value,actual_value,r2
CCL3,test_data,shuffled_baseline,0.00030924721813619494,0.03301951885052949,[-0.04787875]
CCL3,train_data,shuffled_baseline,0.00024421141724063574,0.02431883690713756,[-0.01824827]
