cytokine,data_split,shuffle,predicted_value,actual_value,r2
CCL5,test_data,final,0.06604049172140788,0.08281243100303863,[0.85410635]
CCL5,train_data,final,0.07673291240701824,0.07948053182957782,[0.99838513]
