cytokine,data_split,shuffle,predicted_value,actual_value,r2
CCL5,test_data,shuffled_baseline,0.004748329655485298,0.08281243100303863,[-0.13306305]
CCL5,train_data,shuffled_baseline,0.003990791149079519,0.07948053182957782,[0.01098743]
