cytokine,data_split,shuffle,predicted_value,actual_value,r2
CCL7,test_data,final,0.01533210353973889,0.015283642174381565,[-0.20227571]
CCL7,train_data,final,0.015580336871730063,0.027125503332395287,[0.84871479]
