cytokine,data_split,shuffle,predicted_value,actual_value,r2
CCL7,test_data,shuffled_baseline,0.018446961809190456,0.015283642174381565,[-1.6245773]
CCL7,train_data,shuffled_baseline,0.011287467189792013,0.027125503332395287,[-0.12264631]
