cytokine,data_split,shuffle,predicted_value,actual_value,r2
CCL8,test_data,shuffled_baseline,0.02694689122754286,0.03602470947776194,[-1.11505849]
CCL8,train_data,shuffled_baseline,0.01912236734633048,0.03972723872402854,[-0.57161702]
