cytokine,data_split,shuffle,predicted_value,actual_value,r2
CCL8,test_data,final,0.007125482703849051,0.03602470947776194,[-0.14790466]
CCL8,train_data,final,0.006331232449139926,0.03972723872402854,[0.28164888]
