cytokine,data_split,shuffle,predicted_value,actual_value,r2
CD276(B7-H3),test_data,shuffled_baseline,0.0002363566999022093,0.03199943451311299,[-0.10589595]
CD276(B7-H3),train_data,shuffled_baseline,0.00022493683255872621,0.02515987767785862,[-0.05234214]
