cytokine,data_split,shuffle,predicted_value,actual_value,r2
CD27L,test_data,final,0.00470870901313774,0.020397168503255222,[-0.27739849]
CD27L,train_data,final,0.004029888650078503,0.027194257787825755,[0.30155934]
