cytokine,data_split,shuffle,predicted_value,actual_value,r2
CD276(B7-H3),test_data,final,0.001333246704468043,0.03199943451311299,[-0.13584469]
CD276(B7-H3),train_data,final,0.0013342442871050889,0.02515987767785862,[0.10777059]
