cytokine,data_split,shuffle,predicted_value,actual_value,r2
CD30,test_data,final,0.0007839160667283624,0.050170942096991675,[-0.10366324]
CD30,train_data,final,0.000733207896614892,0.03987067753625018,[0.06390556]
