cytokine,data_split,shuffle,predicted_value,actual_value,r2
CD30,test_data,shuffled_baseline,0.004081525472541737,0.050170942096991675,[-0.29204717]
CD30,train_data,shuffled_baseline,0.0044184931854003165,0.03987067753625018,[-0.01150928]
