cytokine,data_split,shuffle,predicted_value,actual_value,r2
CD40L,test_data,shuffled_baseline,0.0217883240382022,0.03950796961490131,[-0.49347394]
CD40L,train_data,shuffled_baseline,0.013293393057905726,0.04152568255224051,[-0.14705722]
