cytokine,data_split,shuffle,predicted_value,actual_value,r2
CD40L,test_data,final,0.002761803220179663,0.03950796961490131,[-0.11663772]
CD40L,train_data,final,0.0022962157596241586,0.04152568255224051,[0.15513641]
