cytokine,data_split,shuffle,predicted_value,actual_value,r2
CTF,test_data,shuffled_baseline,0.0006734930364336858,0.028588896170105054,[-0.16963371]
CTF,train_data,shuffled_baseline,0.0005785695864477415,0.03796030402561707,[0.00040007]
