cytokine,data_split,shuffle,predicted_value,actual_value,r2
CXCL1,test_data,final,0.022284874971636833,0.03163933238295443,[0.39480658]
CXCL1,train_data,final,0.021374949486141808,0.05168136044053371,[0.69308232]
