cytokine,data_split,shuffle,predicted_value,actual_value,r2
CXCL7,test_data,final,0.002455657605820662,0.020597706989107144,[-0.05813006]
CXCL7,train_data,final,0.0030190416536455293,0.01749343893873712,[0.34441675]
