cytokine,data_split,shuffle,predicted_value,actual_value,r2
CXCL7,test_data,shuffled_baseline,0.005028480534999299,0.020597706989107144,[-0.56275331]
CXCL7,train_data,shuffled_baseline,0.0029567515517599664,0.01749343893873712,[-0.10509967]
