cytokine,data_split,shuffle,predicted_value,actual_value,r2
CXCL14,test_data,final,0.008473241768066677,0.025767869132714675,[-0.32247137]
CXCL14,train_data,final,0.007531160695283288,0.03408020056176896,[0.37804743]
