cytokine,data_split,shuffle,predicted_value,actual_value,r2
CXCL13,test_data,final,0.005316621312630287,0.035805368915574134,[-0.15195733]
CXCL13,train_data,final,0.007813950921514929,0.042278874390699044,[0.38471283]
