cytokine,data_split,shuffle,predicted_value,actual_value,r2
CXCL3,test_data,final,0.03634050299438539,0.05210710539778423,[0.34233808]
CXCL3,train_data,final,0.025957201960570317,0.04849358011718465,[0.72534515]
