cytokine,data_split,shuffle,predicted_value,actual_value,r2
CXCL12(alpha),test_data,final,0.017740470548662624,0.03159279039692549,[0.11454906]
CXCL12(alpha),train_data,final,0.015437421030343347,0.02691722497037607,[0.6806613]
