cytokine,data_split,shuffle,predicted_value,actual_value,r2
CXCL5,test_data,shuffled_baseline,0.014710762048643371,0.04081820070841474,[-0.25086917]
CXCL5,train_data,shuffled_baseline,0.020978796941436784,0.0467605908835895,[-0.59585869]
