cytokine,data_split,shuffle,predicted_value,actual_value,r2
CXCL13,test_data,shuffled_baseline,0.004337122596150792,0.035805368915574134,[-0.3198394]
CXCL13,train_data,shuffled_baseline,0.0035096491914278073,0.042278874390699044,[-0.11666556]
