cytokine,data_split,shuffle,predicted_value,actual_value,r2
CXCL16,test_data,shuffled_baseline,0.0004526394909999596,0.03446825554421603,[-0.01769971]
CXCL16,train_data,shuffled_baseline,0.00036584228560462265,0.03093191542083871,[-0.02300181]
