cytokine,data_split,shuffle,predicted_value,actual_value,r2
CXCL9,test_data,final,0.008170646448052658,0.03294786176710741,[-0.12044754]
CXCL9,train_data,final,0.0067323299976995,0.028416131326357976,[0.39528272]
