cytokine,data_split,shuffle,predicted_value,actual_value,r2
CXCL16,test_data,final,0.010516588503671402,0.03446825554421603,[0.20563037]
CXCL16,train_data,final,0.009525184733144627,0.03093191542083871,[0.52273777]
