cytokine,data_split,shuffle,predicted_value,actual_value,r2
CXCL10,test_data,final,0.06188803311128486,0.06952330991910755,[0.8590202]
CXCL10,train_data,final,0.05798484934892502,0.07231908661648886,[0.96082046]
