cytokine,data_split,shuffle,predicted_value,actual_value,r2
CXCL5,test_data,final,0.012596615169165467,0.04081820070841474,[-0.29592673]
CXCL5,train_data,final,0.013204199561296474,0.0467605908835895,[0.39356948]
