cytokine,data_split,shuffle,predicted_value,actual_value,r2
CXCL14,test_data,shuffled_baseline,0.03949851938267884,0.025767869132714675,[-1.40531343]
CXCL14,train_data,shuffled_baseline,0.023721878264600704,0.03408020056176896,[-0.8261522]
