cytokine,data_split,shuffle,predicted_value,actual_value,r2
CXCL12(beta),test_data,final,0.0029765132601755518,0.03173004989317885,[0.10734618]
CXCL12(beta),train_data,final,0.002408628074348627,0.026842934379475995,[0.22352373]
