cytokine,data_split,shuffle,predicted_value,actual_value,r2
CXCL11,test_data,shuffled_baseline,0.003998311831371381,0.01604824618437342,[0.05628899]
CXCL11,train_data,shuffled_baseline,0.0029769156494639055,0.018495472728894135,[-0.26638773]
