cytokine,data_split,shuffle,predicted_value,actual_value,r2
CXCL6,test_data,shuffled_baseline,0.006274709295045774,0.02138509785293248,[-0.27502053]
CXCL6,train_data,shuffled_baseline,0.004048518198876309,0.03616284640224879,[-0.18894078]
