cytokine,data_split,shuffle,predicted_value,actual_value,r2
CXCL4,test_data,final,0.00014344506818848298,0.022123563006216436,[-0.08568406]
CXCL4,train_data,final,0.00014021621486452808,0.025955240772626318,[0.05769299]
