cytokine,data_split,shuffle,predicted_value,actual_value,r2
EGF,test_data,shuffled_baseline,0.0010304112140130215,0.04534868259726116,[-0.05975545]
EGF,train_data,shuffled_baseline,0.0006915937198442874,0.04587678664123498,[0.01214121]
