cytokine,data_split,shuffle,predicted_value,actual_value,r2
EGFR,test_data,shuffled_baseline,0.021526744944393682,0.027960647618261506,[-0.61796873]
EGFR,train_data,shuffled_baseline,0.013034859265485194,0.04007170387737852,[-0.68561651]
