cytokine,data_split,shuffle,predicted_value,actual_value,r2
FGF-1,test_data,final,0.009287298301860281,0.028680720307161414,[-0.25120734]
FGF-1,train_data,final,0.007598137721243221,0.03482359233313891,[0.41887473]
