cytokine,data_split,shuffle,predicted_value,actual_value,r2
FGF-4,test_data,shuffled_baseline,0.00017563947188927888,0.030849885871480742,[-0.01278191]
FGF-4,train_data,shuffled_baseline,0.0001501507694663627,0.02003813018220072,[0.02251531]
