cytokine,data_split,shuffle,predicted_value,actual_value,r2
FGF-19,test_data,shuffled_baseline,0.003071284583112273,0.02428805262204278,[-0.17014103]
FGF-19,train_data,shuffled_baseline,0.003512650418148946,0.02297245476980124,[-0.27020323]
