cytokine,data_split,shuffle,predicted_value,actual_value,r2
FGF-19,test_data,final,0.0014081753654932925,0.02428805262204278,[-0.07047115]
FGF-19,train_data,final,0.0010215492291460362,0.02297245476980124,[0.1191047]
