cytokine,data_split,shuffle,predicted_value,actual_value,r2
FGF-2,test_data,shuffled_baseline,0.016892250287654054,0.013455738664518328,[-1.86573862]
FGF-2,train_data,shuffled_baseline,0.022668867792322644,0.032736164927252565,[-0.70345107]
