cytokine,data_split,shuffle,predicted_value,actual_value,r2
FGF-21,test_data,shuffled_baseline,0.007059119553155515,0.026216718974149584,[-0.19623536]
FGF-21,train_data,shuffled_baseline,0.006147120974085236,0.038266198778248384,[-0.2984113]
