cytokine,data_split,shuffle,predicted_value,actual_value,r2
FGF-1,test_data,shuffled_baseline,0.0015229373157570271,0.028680720307161414,[0.00020762]
FGF-1,train_data,shuffled_baseline,0.0009597119794029951,0.03482359233313891,[0.02118286]
