cytokine,data_split,shuffle,predicted_value,actual_value,r2
FGF-2,test_data,final,0.0011378990644592395,0.013455738664518328,[-0.26863623]
FGF-2,train_data,final,0.0010754996986424023,0.032736164927252565,[0.14018916]
