cytokine,data_split,shuffle,predicted_value,actual_value,r2
FGF-7(KGF),test_data,final,0.004920257960926402,0.02817360894919699,[-0.09162163]
FGF-7(KGF),train_data,final,0.004065528706028344,0.07485828902432826,[0.11384707]
