cytokine,data_split,shuffle,predicted_value,actual_value,r2
FGFR3(IIIc),test_data,final,0.008560046912511787,0.028060922733469384,[-0.2197115]
FGFR3(IIIc),train_data,final,0.009599441515948881,0.04068005354590537,[0.46557233]
