cytokine,data_split,shuffle,predicted_value,actual_value,r2
FLRG(FTL3),test_data,final,0.0027650338558802183,0.019535771594907648,[-0.0405437]
FLRG(FTL3),train_data,final,0.002339664791217207,0.02153274045176231,[0.22656376]
