cytokine,data_split,shuffle,predicted_value,actual_value,r2
Flt-3Ligand,test_data,final,0.00019049104349066608,0.02867845942100439,[-0.01129028]
Flt-3Ligand,train_data,final,0.00015688380314414166,0.02456737111698276,[0.04006999]
