cytokine,data_split,shuffle,predicted_value,actual_value,r2
G-CF,test_data,shuffled_baseline,0.003963722109130122,0.030338084823540692,[-0.10283885]
G-CF,train_data,shuffled_baseline,0.0024896270992902465,0.01688133194974906,[-0.0911792]
