cytokine,data_split,shuffle,predicted_value,actual_value,r2
GDF-15(MIC-1),test_data,final,0.013644354813093434,0.026250435399358164,[0.01886051]
GDF-15(MIC-1),train_data,final,0.021729749977452154,0.03644490719435372,[0.7784085]
