cytokine,data_split,shuffle,predicted_value,actual_value,r2
GM-CF,test_data,final,0.03910090744104583,0.034974530518033,[0.12245056]
GM-CF,train_data,final,0.02775203659573773,0.04319633488181233,[0.86268226]
