cytokine,data_split,shuffle,predicted_value,actual_value,r2
GranzymeB,test_data,final,0.0013109775402009149,0.044372131956277684,[-0.04247605]
GranzymeB,train_data,final,0.0014335132845035888,0.023731848353240638,[0.12856729]
