cytokine,data_split,shuffle,predicted_value,actual_value,r2
HGF,test_data,final,0.0047062161366014784,0.041394999455391115,[0.07141239]
HGF,train_data,final,0.0031715343420684987,0.02499027942111435,[0.24721564]
