cytokine,data_split,shuffle,predicted_value,actual_value,r2
HGF,test_data,shuffled_baseline,0.006586165814618121,0.041394999455391115,[-0.29985529]
HGF,train_data,shuffled_baseline,0.005352449602741517,0.02499027942111435,[-0.34824331]
