cytokine,data_split,shuffle,predicted_value,actual_value,r2
HVEM,test_data,final,0.023579885921821062,0.023552093741777566,[-1.06562125]
HVEM,train_data,final,0.017164722804850614,0.02973699709822651,[0.8677124]
