cytokine,data_split,shuffle,predicted_value,actual_value,r2
ICAM-1,test_data,shuffled_baseline,0.0040018111810612355,0.021857464898868823,[-0.19355434]
ICAM-1,train_data,shuffled_baseline,0.003856525880284591,0.026405987661891797,[-0.2503824]
