cytokine,data_split,shuffle,predicted_value,actual_value,r2
IFgamma,test_data,final,0.001990985144001007,0.04269325053334445,[-0.11072783]
IFgamma,train_data,final,0.0022969515161225464,0.03962105129907782,[0.14514126]
