cytokine,data_split,shuffle,predicted_value,actual_value,r2
IFbeta,test_data,final,0.01235543793270503,0.034815039136840586,[-0.06160969]
IFbeta,train_data,final,0.010959191689930241,0.03707834941937635,[0.43229564]
