cytokine,data_split,shuffle,predicted_value,actual_value,r2
IF-epsilon,test_data,final,0.013943487771313084,0.02768799202190991,[-0.003448]
IF-epsilon,train_data,final,0.014319244028711015,0.025905262015438756,[0.78232526]
