cytokine,data_split,shuffle,predicted_value,actual_value,r2
IL-12p35,test_data,shuffled_baseline,0.0012708515683410601,0.03511463615335405,[-0.03789946]
IL-12p35,train_data,shuffled_baseline,0.0015433252812405635,0.03294331365827967,[-0.12483603]
