cytokine,data_split,shuffle,predicted_value,actual_value,r2
IL-12p70,test_data,shuffled_baseline,0.013088191662308903,0.027012047634154945,[-0.50057332]
IL-12p70,train_data,shuffled_baseline,0.008852980389732736,0.029175093466926868,[-0.53742054]
