cytokine,data_split,shuffle,predicted_value,actual_value,r2
IL-1alpha,test_data,shuffled_baseline,0.00042281761017903775,0.028519168070787342,[-0.14087041]
IL-1alpha,train_data,shuffled_baseline,0.00023777801613516307,0.035582358741962555,[0.02450226]
