cytokine,data_split,shuffle,predicted_value,actual_value,r2
IL-15,test_data,final,0.002853359676568815,0.03558484582286091,[-0.12870034]
IL-15,train_data,final,0.0025929424996760124,0.03407228779619114,[0.17034484]
