cytokine,data_split,shuffle,predicted_value,actual_value,r2
IL-16,test_data,final,0.007394647351325989,0.02316716520796647,[-0.24195467]
IL-16,train_data,final,0.006584905426040344,0.016250160069218332,[0.68125215]
