cytokine,data_split,shuffle,predicted_value,actual_value,r2
IL-18,test_data,shuffled_baseline,0.036587640863050656,0.029732375128796288,[-1.70285829]
IL-18,train_data,shuffled_baseline,0.029731214122615566,0.042639252553590926,[-0.67196791]
