cytokine,data_split,shuffle,predicted_value,actual_value,r2
IL-17C,test_data,shuffled_baseline,0.001934505075251764,0.027489545509670026,[0.0236062]
IL-17C,train_data,shuffled_baseline,0.0016057177320200366,0.04542445627239133,[-0.01987714]
