cytokine,data_split,shuffle,predicted_value,actual_value,r2
IL-11,test_data,final,0.005891213376530213,0.009108778724036043,[-0.53831469]
IL-11,train_data,final,0.004534989221956367,0.022517902610375708,[0.34386038]
