cytokine,data_split,shuffle,predicted_value,actual_value,r2
IL-17E(IL-25),test_data,shuffled_baseline,0.0032442390552988153,0.03713840703392319,[-0.10182144]
IL-17E(IL-25),train_data,shuffled_baseline,0.0029358065153764342,0.04351125411104687,[-0.06833763]
