cytokine,data_split,shuffle,predicted_value,actual_value,r2
IL-10,test_data,shuffled_baseline,0.0028990633160055706,0.024909264282225466,[-0.0351656]
IL-10,train_data,shuffled_baseline,0.005464126330447461,0.020732347193902812,[-0.23198421]
