cytokine,data_split,shuffle,predicted_value,actual_value,r2
IL-1RA_R,test_data,final,0.0032201407630998353,0.03967597776578448,[-0.11876631]
IL-1RA_R,train_data,final,0.002751062747319163,0.036507611002275654,[0.16698734]
