cytokine,data_split,shuffle,predicted_value,actual_value,r2
IL-10,test_data,final,0.013320394619095632,0.024909264282225466,[-0.45712496]
IL-10,train_data,final,0.009530754568214088,0.020732347193902812,[0.70868893]
