cytokine,data_split,shuffle,predicted_value,actual_value,r2
IL-17F,test_data,shuffled_baseline,0.00043526946538615036,0.029940100011406574,[-0.00619915]
IL-17F,train_data,shuffled_baseline,0.0004099885381597086,0.0373821350455627,[0.01939881]
