cytokine,data_split,shuffle,predicted_value,actual_value,r2
IL-17D,test_data,final,0.002727824332114742,0.029420567803635264,[0.01912952]
IL-17D,train_data,final,0.0023462939514880053,0.03564457861186254,[0.16230654]
