cytokine,data_split,shuffle,predicted_value,actual_value,r2
IL-17D,test_data,shuffled_baseline,0.0010883363631190573,0.029420567803635264,[-0.13352013]
IL-17D,train_data,shuffled_baseline,0.001178928401139954,0.03564457861186254,[0.02257302]
