cytokine,data_split,shuffle,predicted_value,actual_value,r2
IL-17F,test_data,final,0.0016310343980803757,0.029940100011406574,[-0.10439754]
IL-17F,train_data,final,0.0013625794035985383,0.0373821350455627,[0.078626]
