cytokine,data_split,shuffle,predicted_value,actual_value,r2
IL-11,test_data,shuffled_baseline,0.00040065745385510623,0.009108778724036043,[-0.09832038]
IL-11,train_data,shuffled_baseline,0.00041071235727620106,0.022517902610375708,[0.02498416]
