cytokine,data_split,shuffle,predicted_value,actual_value,r2
IL-17B,test_data,shuffled_baseline,0.0140026230793637,0.016289120807736923,[-0.64654815]
IL-17B,train_data,shuffled_baseline,0.015120603299766892,0.02211583050919033,[-0.77023465]
