cytokine,data_split,shuffle,predicted_value,actual_value,r2
IL-1R1,test_data,shuffled_baseline,0.0005844861458358144,0.019914946703618177,[-0.12018209]
IL-1R1,train_data,shuffled_baseline,0.0005944304051045961,0.03591876756435793,[-0.01808656]
