cytokine,data_split,shuffle,predicted_value,actual_value,r2
IL-24,test_data,shuffled_baseline,0.0011100053315202594,0.030558430221904947,[-0.11508091]
IL-24,train_data,shuffled_baseline,0.0007106136663462001,0.028020890835422866,[-0.04744827]
