cytokine,data_split,shuffle,predicted_value,actual_value,r2
IL-22BP,test_data,shuffled_baseline,0.0008934313331202038,0.026715430644683076,[-0.07046564]
IL-22BP,train_data,shuffled_baseline,0.0005848220635694096,0.04135419914443335,[-0.09454468]
