cytokine,data_split,shuffle,predicted_value,actual_value,r2
IL-23,test_data,final,0.013953376078093976,0.03702041615646781,[-0.45909767]
IL-23,train_data,final,0.013531678002370656,0.04420628402851073,[0.567709]
