cytokine,data_split,shuffle,predicted_value,actual_value,r2
IL-2,test_data,final,0.0017263654651671083,0.03224863179240278,[-0.02326421]
IL-2,train_data,final,0.00187563245102141,0.025378220894333794,[0.18907778]
