cytokine,data_split,shuffle,predicted_value,actual_value,r2
IL-27,test_data,final,0.003937320670545658,0.02886629438396363,[-0.13419737]
IL-27,train_data,final,0.004076284362781041,0.02779861453239453,[0.27564579]
