cytokine,data_split,shuffle,predicted_value,actual_value,r2
IL-27,test_data,shuffled_baseline,0.0034827410836077207,0.02886629438396363,[-0.17233416]
IL-27,train_data,shuffled_baseline,0.0024311170465200448,0.02779861453239453,[-0.10636084]
