cytokine,data_split,shuffle,predicted_value,actual_value,r2
IL-2,test_data,shuffled_baseline,0.00951246929067755,0.03224863179240278,[-0.33588692]
IL-2,train_data,shuffled_baseline,0.009585190443538276,0.025378220894333794,[-0.67554868]
