cytokine,data_split,shuffle,predicted_value,actual_value,r2
IL-21,test_data,shuffled_baseline,0.007408026564458786,0.023360039175577354,[-0.19437041]
IL-21,train_data,shuffled_baseline,0.006733282867679086,0.019094616312818575,[-0.20985886]
