cytokine,data_split,shuffle,predicted_value,actual_value,r2
IL-23,test_data,shuffled_baseline,0.007462090661784976,0.03702041615646781,[-0.03065682]
IL-23,train_data,shuffled_baseline,0.004525388015575044,0.04420628402851073,[-0.17724648]
