cytokine,data_split,shuffle,predicted_value,actual_value,r2
IL-22,test_data,shuffled_baseline,0.00034086349716476113,0.03883932803004228,[-0.04379686]
IL-22,train_data,shuffled_baseline,0.00030188230093458466,0.028312135247250486,[-0.03896783]
