cytokine,data_split,shuffle,predicted_value,actual_value,r2
IL-29,test_data,final,0.0015361989817568456,0.02814000214257766,[0.06527094]
IL-29,train_data,final,0.0012651762215580577,0.022374030518424334,[0.10492713]
