cytokine,data_split,shuffle,predicted_value,actual_value,r2
IL-29,test_data,shuffled_baseline,0.011261001021482447,0.02814000214257766,[-0.2633421]
IL-29,train_data,shuffled_baseline,0.006321933473350114,0.022374030518424334,[-0.05511737]
