cytokine,data_split,shuffle,predicted_value,actual_value,r2
IL-24,test_data,final,0.0009628876376822337,0.030558430221904947,[0.0389806]
IL-24,train_data,final,0.0007953248265413189,0.028020890835422866,[0.05961756]
