cytokine,data_split,shuffle,predicted_value,actual_value,r2
IL-32(alpha),test_data,final,0.008844358984959404,0.03016526452840623,[-0.57590477]
IL-32(alpha),train_data,final,0.010944213533627291,0.041503891133980626,[0.45507581]
