cytokine,data_split,shuffle,predicted_value,actual_value,r2
IL-3,test_data,final,0.016066146036051936,0.031317842371349144,[-0.40624344]
IL-3,train_data,final,0.013149745676350221,0.05540247359651532,[0.45138177]
