cytokine,data_split,shuffle,predicted_value,actual_value,r2
IL-33,test_data,final,0.002048770096073031,0.012560008344260989,[-0.23660277]
IL-33,train_data,final,0.002165283502196563,0.021778643373147322,[0.2422191]
