cytokine,data_split,shuffle,predicted_value,actual_value,r2
IL-35,test_data,shuffled_baseline,0.016614045703768586,0.034078250667034946,[-0.60434215]
IL-35,train_data,shuffled_baseline,0.014735484447266281,0.035267716056487895,[-0.62400542]
