cytokine,data_split,shuffle,predicted_value,actual_value,r2
IL-33,test_data,shuffled_baseline,0.00011265632020234565,0.012560008344260989,[-0.0019776]
IL-33,train_data,shuffled_baseline,9.249310321319279e-05,0.021778643373147322,[-0.00826526]
