cytokine,data_split,shuffle,predicted_value,actual_value,r2
IL-3,test_data,shuffled_baseline,0.005244591426481949,0.031317842371349144,[-0.26973173]
IL-3,train_data,shuffled_baseline,0.008313764887081427,0.05540247359651532,[-0.09476009]
