cytokine,data_split,shuffle,predicted_value,actual_value,r2
IL-31,test_data,final,0.0016340793293848003,0.02017842466436108,[-0.33274891]
IL-31,train_data,final,0.0012974516840730263,0.018522891564336584,[0.1827246]
