cytokine,data_split,shuffle,predicted_value,actual_value,r2
IL-4,test_data,final,0.008778515092482914,0.03641563069224325,[-0.53135161]
IL-4,train_data,final,0.01073878981055836,0.031791607401915195,[0.49441226]
