cytokine,data_split,shuffle,predicted_value,actual_value,r2
IL-5,test_data,shuffled_baseline,0.004243467898810553,0.005925375790636921,[-0.57951525]
IL-5,train_data,shuffled_baseline,0.00341320277695389,0.008707720676708903,[-0.65331831]
