cytokine,data_split,shuffle,predicted_value,actual_value,r2
IL-6,test_data,shuffled_baseline,0.0075491195394218474,0.045463975086575285,[-0.42264041]
IL-6,train_data,shuffled_baseline,0.0046444895103999115,0.04042579726693608,[-0.21237973]
