cytokine,data_split,shuffle,predicted_value,actual_value,r2
IL-7,test_data,shuffled_baseline,0.0006263720818786838,0.03463997126417662,[0.01583246]
IL-7,train_data,shuffled_baseline,0.0004735360537236698,0.034651402863373724,[-0.07774933]
