cytokine,data_split,shuffle,predicted_value,actual_value,r2
IL-7,test_data,final,0.015365861547038341,0.03463997126417662,[-0.39517916]
IL-7,train_data,final,0.01231161312882213,0.034651402863373724,[0.57444994]
