cytokine,data_split,shuffle,predicted_value,actual_value,r2
IL-8,test_data,shuffled_baseline,0.042547344804033466,0.07877016501948546,[-0.64612533]
IL-8,train_data,shuffled_baseline,0.028775428577411773,0.07152400949394724,[-0.23754113]
