cytokine,data_split,shuffle,predicted_value,actual_value,r2
IL-8,test_data,final,0.06140109120372767,0.07877016501948546,[0.9082032]
IL-8,train_data,final,0.06970486270137545,0.07152400949394724,[0.99857822]
