cytokine,data_split,shuffle,predicted_value,actual_value,r2
IL-9,test_data,shuffled_baseline,0.0009235218951291613,0.026984307529252644,[0.00320706]
IL-9,train_data,shuffled_baseline,0.000816835562805423,0.031808549695412726,[0.02292193]
