cytokine,data_split,shuffle,predicted_value,actual_value,r2
LIF,test_data,final,0.052216139377716235,0.07928355581259729,[0.67129038]
LIF,train_data,final,0.058987581209318254,0.06696989184552238,[0.97111161]
