cytokine,data_split,shuffle,predicted_value,actual_value,r2
LIF,test_data,shuffled_baseline,0.003724843469017676,0.07928355581259729,[-0.01789277]
LIF,train_data,shuffled_baseline,0.0027584808007059423,0.06696989184552238,[-0.10036762]
