cytokine,data_split,shuffle,predicted_value,actual_value,r2
M-CF,test_data,shuffled_baseline,0.001376412170025723,0.022567468775377502,[-0.02618318]
M-CF,train_data,shuffled_baseline,0.001294539215579432,0.023076707829965692,[-0.06609216]
