cytokine,data_split,shuffle,predicted_value,actual_value,r2
Mesothelin,test_data,final,0.005060261490063938,0.019797080970923808,[0.06000588]
Mesothelin,train_data,final,0.0063900153237654266,0.028885513471842417,[0.39135719]
