cytokine,data_split,shuffle,predicted_value,actual_value,r2
MIF,test_data,final,0.016422608790584478,0.016798508312315698,[0.43002146]
MIF,train_data,final,0.021287009908130306,0.02430830497897147,[0.94747093]
