cytokine,data_split,shuffle,predicted_value,actual_value,r2
MIF,test_data,shuffled_baseline,0.0002775229572820211,0.016798508312315698,[-0.03897249]
MIF,train_data,shuffled_baseline,0.00015428777121954037,0.02430830497897147,[0.03229132]
