cytokine,data_split,shuffle,predicted_value,actual_value,r2
MMP-1,test_data,final,0.016947056502884274,0.03760526992510266,[0.36304717]
MMP-1,train_data,final,0.015879562202708506,0.05096716024966831,[0.57407036]
