cytokine,data_split,shuffle,predicted_value,actual_value,r2
MMP-7,test_data,shuffled_baseline,0.026497743755808066,0.03466736432981169,[-0.91321869]
MMP-7,train_data,shuffled_baseline,0.021486187841045036,0.042622516451657315,[-0.64613375]
