cytokine,data_split,shuffle,predicted_value,actual_value,r2
MMP-3,test_data,final,0.0050328809371206745,0.02544274583645878,[-0.31951489]
MMP-3,train_data,final,0.006405001316989168,0.031443547217134556,[0.3557961]
