cytokine,data_split,shuffle,predicted_value,actual_value,r2
MMP-2,test_data,shuffled_baseline,0.0036487783065730695,0.026845915126049905,[-0.29955593]
MMP-2,train_data,shuffled_baseline,0.0038053588355192514,0.02069446453061068,[-0.08724781]
