cytokine,data_split,shuffle,predicted_value,actual_value,r2
MMP-10,test_data,shuffled_baseline,0.02724176250447003,0.03265614311108385,[-0.97355628]
MMP-10,train_data,shuffled_baseline,0.02037665060102593,0.03790137099377567,[-0.14523334]
