cytokine,data_split,shuffle,predicted_value,actual_value,r2
MMP-9,test_data,final,0.011676286887709279,0.05158052290566592,[-0.26827105]
MMP-9,train_data,final,0.010447289975364461,0.04815157023383105,[0.36592296]
