cytokine,data_split,shuffle,predicted_value,actual_value,r2
MMP-12,test_data,shuffled_baseline,0.02134586380456435,0.035582527878218556,[-0.84824511]
MMP-12,train_data,shuffled_baseline,0.020859823402559406,0.027944389761824572,[-0.46334047]
