cytokine,data_split,shuffle,predicted_value,actual_value,r2
F-L,test_data,final,0.0070237570881145975,0.01977715355439863,[-0.36722855]
F-L,train_data,final,0.005641912472302917,0.02786356221550353,[0.36762882]
