cytokine,data_split,shuffle,predicted_value,actual_value,r2
F-L,test_data,shuffled_baseline,0.017296738149310074,0.01977715355439863,[-1.00175049]
F-L,train_data,shuffled_baseline,0.007745804100932214,0.02786356221550353,[-0.15281377]
