cytokine,data_split,shuffle,predicted_value,actual_value,r2
RG1beta1,test_data,final,0.01519282538100295,0.03756036337006803,[-0.39383274]
RG1beta1,train_data,final,0.011015134061754604,0.039257194868332575,[0.43187342]
