cytokine,data_split,shuffle,predicted_value,actual_value,r2
PCK9,test_data,shuffled_baseline,0.017757426860683222,0.04330478013923309,[-0.37181443]
PCK9,train_data,shuffled_baseline,0.015519307250987099,0.02882443364046699,[0.02943384]
