cytokine,data_split,shuffle,predicted_value,actual_value,r2
PDGF-BB,test_data,final,0.009486345735207447,0.031081127392829987,[-0.39075874]
PDGF-BB,train_data,final,0.011182389560605353,0.037229019730578836,[0.5144682]
