cytokine,data_split,shuffle,predicted_value,actual_value,r2
PLGF,test_data,shuffled_baseline,0.015853691102178106,0.03938961792269722,[-0.47038655]
PLGF,train_data,shuffled_baseline,0.014952789261461067,0.047632565769262926,[-0.71780439]
