cytokine,data_split,shuffle,predicted_value,actual_value,r2
PTX3(Pentraxin3),test_data,final,0.0092812306310555,0.025740156671847404,[0.02794515]
PTX3(Pentraxin3),train_data,final,0.011324378618618097,0.04141960806365259,[0.41329994]
