cytokine,data_split,shuffle,predicted_value,actual_value,r2
AA,test_data,shuffled_baseline,0.006375267158994751,0.04333138234173717,[-0.08485901]
AA,train_data,shuffled_baseline,0.005064143631174664,0.031000121306755033,[-0.12828785]
