cytokine,data_split,shuffle,predicted_value,actual_value,r2
AA,test_data,final,0.0023683928291544673,0.04333138234173717,[0.00272777]
AA,train_data,final,0.0015537348095339798,0.031000121306755033,[0.11497192]
