cytokine,data_split,shuffle,predicted_value,actual_value,r2
CF,test_data,shuffled_baseline,0.00032139922361046764,0.0261915325343808,[0.01500781]
CF,train_data,shuffled_baseline,0.000234792960277478,0.027371102241120684,[-0.02375291]
