cytokine,data_split,shuffle,predicted_value,actual_value,r2
CF,test_data,final,0.010321728453795632,0.0261915325343808,[-0.30575]
CF,train_data,final,0.008815728427299035,0.027371102241120684,[0.45000959]
