cytokine,data_split,shuffle,predicted_value,actual_value,r2
T2(IL-33R),test_data,shuffled_baseline,0.02142417496897529,0.025269780434887333,[-0.58512143]
T2(IL-33R),train_data,shuffled_baseline,0.020021560691571585,0.03605714674088532,[-0.28891372]
