cytokine,data_split,shuffle,predicted_value,actual_value,r2
Tie-2,test_data,shuffled_baseline,0.014249741361634405,0.02348929782120475,[-0.73541863]
Tie-2,train_data,shuffled_baseline,0.014168200550551256,0.01881073863639616,[-0.67340523]
