cytokine,data_split,shuffle,predicted_value,actual_value,r2
TIMP1,test_data,shuffled_baseline,0.017782195073766955,0.029061262110464586,[-0.60003995]
TIMP1,train_data,shuffled_baseline,0.009134129617794405,0.04453353026374276,[-0.57466053]
