cytokine,data_split,shuffle,predicted_value,actual_value,r2
TIMP1,test_data,final,0.026593887936755184,0.029061262110464586,[0.11147909]
TIMP1,train_data,final,0.024902498764182147,0.04453353026374276,[0.74335031]
