cytokine,data_split,shuffle,predicted_value,actual_value,r2
TFRI,test_data,final,0.000622087359328746,0.03084214355246438,[-0.0666225]
TFRI,train_data,final,0.00046069480539077696,0.037350444967898196,[0.05481362]
