cytokine,data_split,shuffle,predicted_value,actual_value,r2
TFalpha,test_data,final,0.04938625537751618,0.04659829874406223,[0.4243365]
TFalpha,train_data,final,0.03221027172401319,0.04023591622449769,[0.94536575]
