cytokine,data_split,shuffle,predicted_value,actual_value,r2
TFRII,test_data,shuffled_baseline,0.0025147608877725556,0.034149093367504234,[0.03050655]
TFRII,train_data,shuffled_baseline,0.0022650874314015666,0.029682166038067132,[-0.11400306]
