cytokine,data_split,shuffle,predicted_value,actual_value,r2
TRAIL,test_data,final,0.0031048416701882874,0.031121971684306186,[-0.2737065]
TRAIL,train_data,final,0.0035300122591999427,0.022234233570166868,[0.32268889]
