cytokine,data_split,shuffle,predicted_value,actual_value,r2
TREM2,test_data,final,0.00014070272007246076,0.031098567626615947,[0.0052374]
TREM2,train_data,final,0.00013455276215681755,0.02329593038840677,[0.04055774]
