cytokine,data_split,shuffle,predicted_value,actual_value,r2
TREM2,test_data,shuffled_baseline,0.008237481893343909,0.031098567626615947,[-0.26195766]
TREM2,train_data,shuffled_baseline,0.005091965999794539,0.02329593038840677,[-0.35221366]
