cytokine,data_split,shuffle,predicted_value,actual_value,r2
uPA,test_data,shuffled_baseline,0.007755559943023792,0.033109481556652096,[-0.02377741]
uPA,train_data,shuffled_baseline,0.006660317171834577,0.047647495874050066,[-0.15751371]
