cytokine,data_split,shuffle,predicted_value,actual_value,r2
uPA,test_data,final,0.028286479667911646,0.033109481556652096,[0.63154643]
uPA,train_data,final,0.03413777057667402,0.047647495874050066,[0.9290785]
