cytokine,data_split,shuffle,predicted_value,actual_value,r2
VCAM-1,test_data,final,0.0071402499174744605,0.032047881156131386,[-0.41200585]
VCAM-1,train_data,final,0.00643886581737043,0.043334798232645806,[0.33975123]
