cytokine,data_split,shuffle,predicted_value,actual_value,r2
VCAM-1,test_data,shuffled_baseline,0.025176468919182845,0.032047881156131386,[-1.21360676]
VCAM-1,train_data,shuffled_baseline,0.018077581498007134,0.043334798232645806,[-0.67221137]
