cytokine,data_split,shuffle,predicted_value,actual_value,r2
VEGFReceptor2(Flk-1),test_data,final,0.022572556517081448,0.02846685167536704,[-0.87702696]
VEGFReceptor2(Flk-1),train_data,final,0.01821323899706768,0.04201974574128834,[0.74529488]
