cytokine,data_split,shuffle,predicted_value,actual_value,r2
VEGF-A(165),test_data,final,0.022754276780951713,0.02265489576746742,[0.17864544]
VEGF-A(165),train_data,final,0.025111129092100483,0.037781694655252614,[0.891563]
