cytokine,data_split,shuffle,predicted_value,actual_value,r2
VEGFR-1,test_data,final,0.00448872745507482,0.029878221881986997,[-0.13672341]
VEGFR-1,train_data,final,0.003188811788295835,0.053411426747524256,[0.13731465]
