cytokine,data_split,shuffle,predicted_value,actual_value,r2
WIP-1(CC4),test_data,final,0.004460518903731969,0.0334862679798432,[0.04799319]
WIP-1(CC4),train_data,final,0.0037726020959616383,0.03716940973831346,[0.17450572]
