{
    "units": [
        5
    ],
    "dropout": [
        0.1280381123675951
    ],
    "n_layers": 1,
    "optimizer": "SGD",
    "learning_rate": 0.08211235472711448
}
