{
    "units": [
        10,
        16,
        33
    ],
    "dropout": [
        0.13323917516976816,
        0.23693264159751004,
        0.16341120967666473
    ],
    "n_layers": 3,
    "optimizer": "RMSprop",
    "learning_rate": 0.00786160745661003
}
