{
    "units": [
        46,
        21,
        29,
        46,
        43,
        35
    ],
    "dropout": [
        0.16425262502015475,
        0.1656144640721573,
        0.12159403792116025,
        0.13404330833826347,
        0.23189589600107752,
        0.17192338753497655
    ],
    "n_layers": 6,
    "optimizer": "RMSprop",
    "learning_rate": 0.0003438434507122743
}
