{
    "units": [
        22
    ],
    "dropout": [
        0.19558713199452582
    ],
    "n_layers": 1,
    "optimizer": "RMSprop",
    "learning_rate": 0.0003417591502856421
}
