{
    "units": [
        50,
        30
    ],
    "dropout": [
        0.2574816738272465,
        0.11278714608165805
    ],
    "n_layers": 2,
    "optimizer": "Adam",
    "learning_rate": 0.0004056418371923762
}
