{
    "units": [
        38,
        29,
        21
    ],
    "dropout": [
        0.10244145687291407,
        0.2826719739267612,
        0.2635221025317095
    ],
    "n_layers": 3,
    "optimizer": "Adam",
    "learning_rate": 0.00039288613479064247
}