{
    "units": [
        50
    ],
    "dropout": [
        0.3864178612730663
    ],
    "n_layers": 1,
    "optimizer": "Adam",
    "learning_rate": 0.0009927832305723916
}
