{
    "units": [
        31,
        11
    ],
    "dropout": [
        0.11289473252943283,
        0.10279621028443864
    ],
    "n_layers": 2,
    "optimizer": "SGD",
    "learning_rate": 0.04198507643928431
}
