{
    "units": [
        42
    ],
    "dropout": [
        0.2296523795897401
    ],
    "n_layers": 1,
    "optimizer": "SGD",
    "learning_rate": 0.09362772149064716
}
