{
    "units": [
        50,
        47,
        41,
        30,
        44
    ],
    "dropout": [
        0.14685140414783332,
        0.2963881472980839,
        0.16870633933287194,
        0.10127871340606484,
        0.1740009582121554
    ],
    "n_layers": 5,
    "optimizer": "Adam",
    "learning_rate": 0.00047797837753439166
}