{
    "units": [
        38,
        25
    ],
    "dropout": [
        0.12465183158353392,
        0.3739679908463301
    ],
    "n_layers": 2,
    "optimizer": "Adam",
    "learning_rate": 0.005979298856565743
}
