{
    "units": [
        47,
        46
    ],
    "dropout": [
        0.20071557948770796,
        0.366761809080883
    ],
    "n_layers": 2,
    "optimizer": "SGD",
    "learning_rate": 0.04659495057631747
}