{
    "units": [
        46,
        27
    ],
    "dropout": [
        0.1603687300169109,
        0.2742865637905837
    ],
    "n_layers": 2,
    "optimizer": "SGD",
    "learning_rate": 0.06563803980083825
}