{
    "units": [
        43,
        27
    ],
    "dropout": [
        0.11965111278809497,
        0.27943524807500364
    ],
    "n_layers": 2,
    "optimizer": "SGD",
    "learning_rate": 0.09520153953638473
}
