{
    "units": [
        42,
        37
    ],
    "dropout": [
        0.13286524478239264,
        0.22405373112889945
    ],
    "n_layers": 2,
    "optimizer": "SGD",
    "learning_rate": 0.06365795088492644
}
