oneb_Metadata_Treatment_Dose_Inhibitor_Dose,DMSO_0.1_DMSO_0.025,LPS_0.01_DMSO_0.025,LPS_0.1_DMSO_0.025,LPS_1.0_DMSO_0.025,LPS_10.0_DMSO_0.025,LPS_100.0_DMSO_0.025,Thapsigargin_1.0_DMSO_0.025,Thapsigargin_10.0_DMSO_0.025
DMSO_0.1_DMSO_0.025,1.0,0.062049315555619475,0.06576129010401438,0.01821937006083031,0.035427878388128255,0.03919983146170944,0.7876123874382076,0.4798005764979675
LPS_0.01_DMSO_0.025,0.062049315555619475,1.0,0.8945984079081527,0.8890803943881413,0.8807328320003893,0.8711534120257436,0.11714845767395181,0.11703416977916337
LPS_0.1_DMSO_0.025,0.06576129010401438,0.8945984079081527,1.0,0.8891440320555565,0.8968082365888419,0.8681045493149997,0.12033550739925698,0.12457207763480571
LPS_1.0_DMSO_0.025,0.01821937006083031,0.8890803943881413,0.8891440320555565,1.0,0.8917950738233533,0.9043752191596484,0.08484047135089644,0.035767355576793725
LPS_10.0_DMSO_0.025,0.035427878388128255,0.8807328320003893,0.8968082365888419,0.8917950738233533,1.0,0.8935127812954502,0.08693678137636456,0.06377583017470582
LPS_100.0_DMSO_0.025,0.03919983146170944,0.8711534120257436,0.8681045493149997,0.9043752191596484,0.8935127812954502,1.0,0.08205594984983243,0.04545154849279756
Thapsigargin_1.0_DMSO_0.025,0.7876123874382076,0.11714845767395181,0.12033550739925698,0.08484047135089644,0.08693678137636456,0.08205594984983243,1.0,0.6921931873990465
Thapsigargin_10.0_DMSO_0.025,0.4798005764979675,0.11703416977916337,0.12457207763480571,0.035767355576793725,0.06377583017470582,0.04545154849279756,0.6921931873990465,1.0
