{
    "units": [
        10
    ],
    "dropout": [
        0.3815969509724858
    ],
    "n_layers": 1,
    "optimizer": "RMSprop",
    "learning_rate": 0.004359019742183756
}
