{
    "units": [
        10,
        7,
        3
    ],
    "dropout": [
        0.35677272761605894,
        0.22170325588701545,
        0.13064847000833105
    ],
    "n_layers": 3,
    "optimizer": "Adam",
    "learning_rate": 0.02098765415588208
}
