{
    "units": [
        4
    ],
    "dropout": [
        0.14008283238754288
    ],
    "n_layers": 1,
    "optimizer": "RMSprop",
    "learning_rate": 0.006162787256321512
}
