{
    "units": [
        9
    ],
    "dropout": [
        0.20862440433287502
    ],
    "n_layers": 1,
    "optimizer": "Adam",
    "learning_rate": 0.022570374140304997
}
