{
    "units": [
        10,
        8,
        7
    ],
    "dropout": [
        0.15774414149010038,
        0.29778299842196765,
        0.32290371423185804
    ],
    "n_layers": 3,
    "optimizer": "SGD",
    "learning_rate": 0.031208661146495894
}
