{
    "units": [
        10,
        6
    ],
    "dropout": [
        0.1830641351386647,
        0.2737712162706034
    ],
    "n_layers": 2,
    "optimizer": "SGD",
    "learning_rate": 0.0668066207627762
}
