{
    "units": [
        6
    ],
    "dropout": [
        0.12384143705432682
    ],
    "n_layers": 1,
    "optimizer": "Adam",
    "learning_rate": 0.01162353938030956
}
