{
    "units": [
        10
    ],
    "dropout": [
        0.20286432474916488
    ],
    "n_layers": 1,
    "optimizer": "SGD",
    "learning_rate": 0.08128876328391227
}
