{
    "units": [
        8,
        8
    ],
    "dropout": [
        0.17840751310099395,
        0.1890736810656361
    ],
    "n_layers": 2,
    "optimizer": "Adam",
    "learning_rate": 0.023722328502990834
}
