{
    "units": [
        4,
        7
    ],
    "dropout": [
        0.1692314652743846,
        0.3880082891474814
    ],
    "n_layers": 2,
    "optimizer": "SGD",
    "learning_rate": 0.07074723875127394
}
