{
    "units": [
        4,
        6
    ],
    "dropout": [
        0.19126518538520465,
        0.1331782037449477
    ],
    "n_layers": 2,
    "optimizer": "SGD",
    "learning_rate": 0.07917387869947293
}
