{
    "units": [
        10
    ],
    "dropout": [
        0.22681439671855508
    ],
    "n_layers": 1,
    "optimizer": "Adam",
    "learning_rate": 0.05197741193973778
}
