{
    "units": [
        7,
        10
    ],
    "dropout": [
        0.11142243958897281,
        0.19559569949885502
    ],
    "n_layers": 2,
    "optimizer": "SGD",
    "learning_rate": 0.06511176150992111
}
