{
    "units": [
        6
    ],
    "dropout": [
        0.11893382773829092
    ],
    "n_layers": 1,
    "optimizer": "SGD",
    "learning_rate": 0.032984623450151254
}
