{
    "units": [
        9,
        9,
        2
    ],
    "dropout": [
        0.1930645071861879,
        0.311668113596444,
        0.18454843868617582
    ],
    "n_layers": 3,
    "optimizer": "Adam",
    "learning_rate": 0.009971307136262264
}
