{
    "units": [
        6,
        9
    ],
    "dropout": [
        0.1658308035531349,
        0.3198715471996867
    ],
    "n_layers": 2,
    "optimizer": "SGD",
    "learning_rate": 0.08427234962336655
}
