{
    "units": [
        8,
        9
    ],
    "dropout": [
        0.14237473629901037,
        0.3501484837929947
    ],
    "n_layers": 2,
    "optimizer": "RMSprop",
    "learning_rate": 0.017023007211696684
}
