{
    "units": [
        3
    ],
    "dropout": [
        0.23983454660792353
    ],
    "n_layers": 1,
    "optimizer": "SGD",
    "learning_rate": 0.0988477908779017
}
