{
    "units": [
        9,
        5
    ],
    "dropout": [
        0.11835403506419506,
        0.2288290812246913
    ],
    "n_layers": 2,
    "optimizer": "SGD",
    "learning_rate": 0.06556966821912462
}
