{
    "units": [
        8
    ],
    "dropout": [
        0.1246507843300525
    ],
    "n_layers": 1,
    "optimizer": "RMSprop",
    "learning_rate": 0.008222972888166718
}
