{
    "units": [
        8
    ],
    "dropout": [
        0.14312959762037708
    ],
    "n_layers": 1,
    "optimizer": "Adam",
    "learning_rate": 0.030861534496734608
}
