{
    "units": [
        10
    ],
    "dropout": [
        0.2773725864255589
    ],
    "n_layers": 1,
    "optimizer": "SGD",
    "learning_rate": 0.09569763982840906
}
