{
    "units": [
        10,
        6
    ],
    "dropout": [
        0.3056576374581575,
        0.2875291212816392
    ],
    "n_layers": 2,
    "optimizer": "Adam",
    "learning_rate": 0.02194060475668755
}
