{
    "units": [
        4
    ],
    "dropout": [
        0.11084567564303736
    ],
    "n_layers": 1,
    "optimizer": "Adam",
    "learning_rate": 0.003506538438077619
}
