{
    "units": [
        4
    ],
    "dropout": [
        0.12487752043982382
    ],
    "n_layers": 1,
    "optimizer": "Adam",
    "learning_rate": 0.03494913100971309
}
