{
    "units": [
        6
    ],
    "dropout": [
        0.3932581109289205
    ],
    "n_layers": 1,
    "optimizer": "SGD",
    "learning_rate": 0.09430605640591323
}
