{
    "units": [
        10
    ],
    "dropout": [
        0.3925958318008521
    ],
    "n_layers": 1,
    "optimizer": "SGD",
    "learning_rate": 0.08399991467910797
}
