{
    "units": [
        8
    ],
    "dropout": [
        0.35174454696252166
    ],
    "n_layers": 1,
    "optimizer": "Adam",
    "learning_rate": 0.049084892255096206
}
