{
    "units": [
        8
    ],
    "dropout": [
        0.16217636592068962
    ],
    "n_layers": 1,
    "optimizer": "Adam",
    "learning_rate": 0.04931149785728796
}
