{
    "units": [
        10,
        8,
        7
    ],
    "dropout": [
        0.1490561697980156,
        0.22930097410644065,
        0.13355780049648733
    ],
    "n_layers": 3,
    "optimizer": "Adam",
    "learning_rate": 0.03500082583343581
}
