{
    "units": [
        7
    ],
    "dropout": [
        0.13465800212667367
    ],
    "n_layers": 1,
    "optimizer": "Adam",
    "learning_rate": 0.04288742230903006
}
