{
    "units": [
        10
    ],
    "dropout": [
        0.16918113477163232
    ],
    "n_layers": 1,
    "optimizer": "SGD",
    "learning_rate": 0.018036605908172826
}
