{
    "units": [
        9,
        2,
        4
    ],
    "dropout": [
        0.12194109535544803,
        0.11684709911311458,
        0.11168095746660252
    ],
    "n_layers": 3,
    "optimizer": "Adam",
    "learning_rate": 0.01644592980885898
}
