{
    "units": [
        4
    ],
    "dropout": [
        0.3809593991904192
    ],
    "n_layers": 1,
    "optimizer": "SGD",
    "learning_rate": 0.057100095624477064
}
