{
    "units": [
        6,
        9
    ],
    "dropout": [
        0.2508606097361299,
        0.239844001745582
    ],
    "n_layers": 2,
    "optimizer": "Adam",
    "learning_rate": 0.00357155736319691
}
