{
    "units": [
        8
    ],
    "dropout": [
        0.21740543920533098
    ],
    "n_layers": 1,
    "optimizer": "RMSprop",
    "learning_rate": 0.02165949926728423
}
