{
    "units": [
        9,
        9,
        3
    ],
    "dropout": [
        0.21894846263108234,
        0.1274475585086941,
        0.22593034281283453
    ],
    "n_layers": 3,
    "optimizer": "Adam",
    "learning_rate": 0.013147758812376962
}
