{
    "units": [
        10
    ],
    "dropout": [
        0.3053567064719908
    ],
    "n_layers": 1,
    "optimizer": "RMSprop",
    "learning_rate": 0.0065007764528123985
}
