{
    "units": [
        10,
        3,
        5
    ],
    "dropout": [
        0.25165278485444764,
        0.24458135169996661,
        0.22867351761420315
    ],
    "n_layers": 3,
    "optimizer": "Adam",
    "learning_rate": 0.0018344350117617206
}
