{
    "units": [
        7
    ],
    "dropout": [
        0.20225871703207154
    ],
    "n_layers": 1,
    "optimizer": "Adam",
    "learning_rate": 0.007798253474918309
}
