{
    "units": [
        5
    ],
    "dropout": [
        0.25264934331316347
    ],
    "n_layers": 1,
    "optimizer": "Adam",
    "learning_rate": 0.018419054728468484
}
