{
    "units": [
        8,
        10
    ],
    "dropout": [
        0.3798771556687569,
        0.10414400636967307
    ],
    "n_layers": 2,
    "optimizer": "SGD",
    "learning_rate": 0.09506084155478631
}
