{
    "units": [
        9,
        5
    ],
    "dropout": [
        0.2108490355565105,
        0.17173393239784712
    ],
    "n_layers": 2,
    "optimizer": "RMSprop",
    "learning_rate": 0.012876826595968692
}
