{
    "units": [
        10
    ],
    "dropout": [
        0.38868013488127284
    ],
    "n_layers": 1,
    "optimizer": "Adam",
    "learning_rate": 0.04484981673606359
}
