{
    "units": [
        10,
        10,
        5
    ],
    "dropout": [
        0.34405279688711266,
        0.11184943690658007,
        0.22353778552866765
    ],
    "n_layers": 3,
    "optimizer": "Adam",
    "learning_rate": 0.004100201010460868
}
