{
    "units": [
        9,
        8
    ],
    "dropout": [
        0.15469741472250215,
        0.2768084481701426
    ],
    "n_layers": 2,
    "optimizer": "RMSprop",
    "learning_rate": 0.020515483491927933
}
