{
    "units": [
        5
    ],
    "dropout": [
        0.10215821560857771
    ],
    "n_layers": 1,
    "optimizer": "SGD",
    "learning_rate": 0.0896497628312206
}
