{
    "units": [
        5
    ],
    "dropout": [
        0.13708808897020408
    ],
    "n_layers": 1,
    "optimizer": "SGD",
    "learning_rate": 0.07894715615532058
}
