{
    "units": [
        9,
        8
    ],
    "dropout": [
        0.32671319549717714,
        0.3076845029960164
    ],
    "n_layers": 2,
    "optimizer": "SGD",
    "learning_rate": 0.08472999797207895
}
