{
    "units": [
        10,
        3,
        10
    ],
    "dropout": [
        0.20739879170146872,
        0.21979004429064358,
        0.351254573766436
    ],
    "n_layers": 3,
    "optimizer": "Adam",
    "learning_rate": 0.006841898002126776
}
