{
    "units": [
        10,
        10,
        6
    ],
    "dropout": [
        0.24847917310641396,
        0.14070914050035013,
        0.29059801965545473
    ],
    "n_layers": 3,
    "optimizer": "Adam",
    "learning_rate": 0.009200539053195822
}
