{
    "units": [
        8,
        10,
        10
    ],
    "dropout": [
        0.19169003919669653,
        0.12500313367759178,
        0.1165730539434088
    ],
    "n_layers": 3,
    "optimizer": "SGD",
    "learning_rate": 0.06583239068065715
}
