{
    "units": [
        10,
        6
    ],
    "dropout": [
        0.35919524474446796,
        0.23842519268341641
    ],
    "n_layers": 2,
    "optimizer": "SGD",
    "learning_rate": 0.08271215840554165
}
