{
    "units": [
        7
    ],
    "dropout": [
        0.27715969673637064
    ],
    "n_layers": 1,
    "optimizer": "RMSprop",
    "learning_rate": 0.00838977522963143
}
