{
    "units": [
        7,
        9
    ],
    "dropout": [
        0.1681048247721171,
        0.37480410972449785
    ],
    "n_layers": 2,
    "optimizer": "Adam",
    "learning_rate": 0.030986079843653414
}
