{
    "units": [
        7
    ],
    "dropout": [
        0.3584497077157688
    ],
    "n_layers": 1,
    "optimizer": "SGD",
    "learning_rate": 0.06340944228763584
}
