{
    "units": [
        9,
        4,
        6
    ],
    "dropout": [
        0.2798339423380942,
        0.37722806430669975,
        0.2656683179286353
    ],
    "n_layers": 3,
    "optimizer": "RMSprop",
    "learning_rate": 0.004669823230858289
}
