{
    "units": [
        9
    ],
    "dropout": [
        0.1344304056518909
    ],
    "n_layers": 1,
    "optimizer": "Adam",
    "learning_rate": 0.02069041848100083
}
