{
    "units": [
        7
    ],
    "dropout": [
        0.11549070005573911
    ],
    "n_layers": 1,
    "optimizer": "SGD",
    "learning_rate": 0.07542929599077082
}
