{
    "units": [
        10
    ],
    "dropout": [
        0.3748721173188586
    ],
    "n_layers": 1,
    "optimizer": "Adam",
    "learning_rate": 0.06002412778482144
}
