{
    "units": [
        5,
        6
    ],
    "dropout": [
        0.1664553053397608,
        0.10836059609882119
    ],
    "n_layers": 2,
    "optimizer": "Adam",
    "learning_rate": 0.0721514764709467
}
