{
    "units": [
        10,
        3
    ],
    "dropout": [
        0.2802483385231632,
        0.12218610306836156
    ],
    "n_layers": 2,
    "optimizer": "SGD",
    "learning_rate": 0.04402341464832478
}
