{
    "units": [
        7
    ],
    "dropout": [
        0.22144536497249045
    ],
    "n_layers": 1,
    "optimizer": "Adam",
    "learning_rate": 0.03625832824034983
}
