{
    "units": [
        10
    ],
    "dropout": [
        0.30829795984037617
    ],
    "n_layers": 1,
    "optimizer": "Adam",
    "learning_rate": 0.00936551520665793
}
