{
    "units": [
        9
    ],
    "dropout": [
        0.3460913986625763
    ],
    "n_layers": 1,
    "optimizer": "Adam",
    "learning_rate": 0.03620116452214096
}
