{
    "units": [
        10,
        3
    ],
    "dropout": [
        0.261308358609881,
        0.21195221485998134
    ],
    "n_layers": 2,
    "optimizer": "SGD",
    "learning_rate": 0.07652710516199752
}
