{
    "units": [
        10
    ],
    "dropout": [
        0.29574308884728184
    ],
    "n_layers": 1,
    "optimizer": "SGD",
    "learning_rate": 0.07300606510532574
}
