{
    "units": [
        10,
        7
    ],
    "dropout": [
        0.3185478655840879,
        0.11507238669361505
    ],
    "n_layers": 2,
    "optimizer": "RMSprop",
    "learning_rate": 0.010041947512340318
}
