{
    "units": [
        7,
        2
    ],
    "dropout": [
        0.2968022883386144,
        0.1691218248179885
    ],
    "n_layers": 2,
    "optimizer": "Adam",
    "learning_rate": 0.01188310035543095
}
