{
    "units": [
        10,
        7
    ],
    "dropout": [
        0.36147181332168365,
        0.34662454431478873
    ],
    "n_layers": 2,
    "optimizer": "Adam",
    "learning_rate": 0.03390257870140699
}
