{
    "units": [
        10
    ],
    "dropout": [
        0.30805127653872366
    ],
    "n_layers": 1,
    "optimizer": "SGD",
    "learning_rate": 0.05972804053942528
}
