{
    "units": [
        8
    ],
    "dropout": [
        0.20181572768548378
    ],
    "n_layers": 1,
    "optimizer": "SGD",
    "learning_rate": 0.0734703529506302
}
