{
    "units": [
        10
    ],
    "dropout": [
        0.18158060950853644
    ],
    "n_layers": 1,
    "optimizer": "Adam",
    "learning_rate": 0.010303704535044407
}
