{
    "units": [
        9
    ],
    "dropout": [
        0.2773564558042621
    ],
    "n_layers": 1,
    "optimizer": "Adam",
    "learning_rate": 0.010351194637630871
}
