{
    "units": [
        9,
        10
    ],
    "dropout": [
        0.28105272339260934,
        0.388318165109925
    ],
    "n_layers": 2,
    "optimizer": "RMSprop",
    "learning_rate": 0.014772012103287532
}
