{
    "units": [
        10
    ],
    "dropout": [
        0.16918062990654842
    ],
    "n_layers": 1,
    "optimizer": "Adam",
    "learning_rate": 0.014664670615686827
}
