{
    "units": [
        10
    ],
    "dropout": [
        0.17638792162261344
    ],
    "n_layers": 1,
    "optimizer": "SGD",
    "learning_rate": 0.04197264386831187
}
