{
    "units": [
        9
    ],
    "dropout": [
        0.22593556989098754
    ],
    "n_layers": 1,
    "optimizer": "SGD",
    "learning_rate": 0.07776650161141992
}
