{
    "units": [
        10,
        9
    ],
    "dropout": [
        0.3554820078910699,
        0.33862056968245935
    ],
    "n_layers": 2,
    "optimizer": "Adam",
    "learning_rate": 0.0011856156658694248
}
