{
    "units": [
        6,
        8,
        9
    ],
    "dropout": [
        0.2883449057049967,
        0.10100654694039404,
        0.3640733902016482
    ],
    "n_layers": 3,
    "optimizer": "RMSprop",
    "learning_rate": 0.005531293601686907
}
