{
    "units": [
        5
    ],
    "dropout": [
        0.1392275787646861
    ],
    "n_layers": 1,
    "optimizer": "SGD",
    "learning_rate": 0.07554858936477754
}
