{
    "units": [
        10,
        4
    ],
    "dropout": [
        0.23060832450452043,
        0.16539914432226915
    ],
    "n_layers": 2,
    "optimizer": "SGD",
    "learning_rate": 0.09378445217258488
}
