{
    "units": [
        8
    ],
    "dropout": [
        0.18051422629802777
    ],
    "n_layers": 1,
    "optimizer": "SGD",
    "learning_rate": 0.0792744514799233
}
