{
    "units": [
        10,
        5
    ],
    "dropout": [
        0.206837493518648,
        0.34568593291705724
    ],
    "n_layers": 2,
    "optimizer": "SGD",
    "learning_rate": 0.09631221367429771
}
