{
    "units": [
        7,
        3,
        10
    ],
    "dropout": [
        0.10909855216439512,
        0.15792683737126456,
        0.3224421035559224
    ],
    "n_layers": 3,
    "optimizer": "Adam",
    "learning_rate": 0.026222559887870537
}
