{
    "units": [
        10,
        9
    ],
    "dropout": [
        0.14200987522546388,
        0.14942976193398672
    ],
    "n_layers": 2,
    "optimizer": "RMSprop",
    "learning_rate": 0.01909417508419101
}
