{
    "units": [
        7
    ],
    "dropout": [
        0.13272950212122334
    ],
    "n_layers": 1,
    "optimizer": "RMSprop",
    "learning_rate": 0.03765573668227139
}
