{
    "units": [
        10
    ],
    "dropout": [
        0.1639357116005522
    ],
    "n_layers": 1,
    "optimizer": "RMSprop",
    "learning_rate": 0.01456234109090726
}
