{
    "units": [
        8
    ],
    "dropout": [
        0.3852616048747677
    ],
    "n_layers": 1,
    "optimizer": "SGD",
    "learning_rate": 0.08199417337652848
}
