{
    "units": [
        8,
        7,
        5
    ],
    "dropout": [
        0.21788402819404118,
        0.13933216883274638,
        0.2572211115291021
    ],
    "n_layers": 3,
    "optimizer": "SGD",
    "learning_rate": 0.09459265287857273
}
