{
    "units": [
        9
    ],
    "dropout": [
        0.3707504527449478
    ],
    "n_layers": 1,
    "optimizer": "SGD",
    "learning_rate": 0.09439231852423881
}
