{
    "units": [
        7,
        4
    ],
    "dropout": [
        0.30281519334753704,
        0.13776417972702848
    ],
    "n_layers": 2,
    "optimizer": "Adam",
    "learning_rate": 0.017183891649260347
}
