{
    "units": [
        7
    ],
    "dropout": [
        0.2958384227921047
    ],
    "n_layers": 1,
    "optimizer": "Adam",
    "learning_rate": 0.0122915934014382
}
