{
    "units": [
        7,
        9,
        4
    ],
    "dropout": [
        0.1282904978477834,
        0.1161209069940059,
        0.3303419838334668
    ],
    "n_layers": 3,
    "optimizer": "SGD",
    "learning_rate": 0.03953858247653326
}
