{
    "units": [
        10
    ],
    "dropout": [
        0.3364133663520456
    ],
    "n_layers": 1,
    "optimizer": "SGD",
    "learning_rate": 0.07057363825243546
}
