{
    "units": [
        7,
        8
    ],
    "dropout": [
        0.17676761383163347,
        0.3956416670220232
    ],
    "n_layers": 2,
    "optimizer": "Adam",
    "learning_rate": 0.024489814910399407
}
