{
    "units": [
        7
    ],
    "dropout": [
        0.13160348997907184
    ],
    "n_layers": 1,
    "optimizer": "Adam",
    "learning_rate": 0.007785483155331864
}
