{
    "units": [
        10,
        10,
        10
    ],
    "dropout": [
        0.1413804661326883,
        0.18838065637705645,
        0.20512714461586956
    ],
    "n_layers": 3,
    "optimizer": "SGD",
    "learning_rate": 0.04491175014891363
}
