{
    "units": [
        7
    ],
    "dropout": [
        0.21827368998809873
    ],
    "n_layers": 1,
    "optimizer": "Adam",
    "learning_rate": 0.06550560162984022
}
