{
    "units": [
        5,
        9
    ],
    "dropout": [
        0.22227141478819784,
        0.12989393587794537
    ],
    "n_layers": 2,
    "optimizer": "RMSprop",
    "learning_rate": 0.019559110201538034
}
