{
    "units": [
        7,
        3
    ],
    "dropout": [
        0.1379750740138374,
        0.26102264172240874
    ],
    "n_layers": 2,
    "optimizer": "Adam",
    "learning_rate": 0.028051901943333558
}
