{
    "units": [
        10
    ],
    "dropout": [
        0.32048343964625403
    ],
    "n_layers": 1,
    "optimizer": "Adam",
    "learning_rate": 0.04404624283645507
}
