{
    "units": [
        9
    ],
    "dropout": [
        0.10981211237494115
    ],
    "n_layers": 1,
    "optimizer": "Adam",
    "learning_rate": 0.022540534172415583
}
