{
    "units": [
        7
    ],
    "dropout": [
        0.1767191465462776
    ],
    "n_layers": 1,
    "optimizer": "Adam",
    "learning_rate": 0.01993523386882689
}
