{
    "units": [
        10,
        4
    ],
    "dropout": [
        0.29126153930476445,
        0.3390563066064649
    ],
    "n_layers": 2,
    "optimizer": "SGD",
    "learning_rate": 0.04824346944529416
}
