{
    "units": [
        6,
        7
    ],
    "dropout": [
        0.14545316059187915,
        0.3466223600856625
    ],
    "n_layers": 2,
    "optimizer": "Adam",
    "learning_rate": 0.03429689106874391
}
