{
    "units": [
        8
    ],
    "dropout": [
        0.22915192300609916
    ],
    "n_layers": 1,
    "optimizer": "Adam",
    "learning_rate": 0.022422923991099075
}
