{
    "units": [
        10
    ],
    "dropout": [
        0.3158256347864137
    ],
    "n_layers": 1,
    "optimizer": "SGD",
    "learning_rate": 0.07996868946902372
}
