{
    "units": [
        10,
        7
    ],
    "dropout": [
        0.2223444807711178,
        0.28102642902493546
    ],
    "n_layers": 2,
    "optimizer": "Adam",
    "learning_rate": 0.020351166398587396
}
