{
    "units": [
        10,
        10,
        2
    ],
    "dropout": [
        0.13162484083629217,
        0.2191191571028489,
        0.17818684645298188
    ],
    "n_layers": 3,
    "optimizer": "SGD",
    "learning_rate": 0.07429554237878684
}
