{
    "units": [
        9,
        4,
        4
    ],
    "dropout": [
        0.3806109353083943,
        0.3414779106941309,
        0.18539237432485578
    ],
    "n_layers": 3,
    "optimizer": "Adam",
    "learning_rate": 0.03928742037298289
}
