{
    "units": [
        8,
        8
    ],
    "dropout": [
        0.2650684678624592,
        0.22224801598644064
    ],
    "n_layers": 2,
    "optimizer": "RMSprop",
    "learning_rate": 0.00938386532762933
}
