{
    "units": [
        8,
        9
    ],
    "dropout": [
        0.11372332436630306,
        0.16551075152354594
    ],
    "n_layers": 2,
    "optimizer": "RMSprop",
    "learning_rate": 0.016580010378456956
}
