{
    "units": [
        9,
        4
    ],
    "dropout": [
        0.14878500911153156,
        0.23584751343188035
    ],
    "n_layers": 2,
    "optimizer": "SGD",
    "learning_rate": 0.04153767752400247
}
