{
    "units": [
        10
    ],
    "dropout": [
        0.394757158589792
    ],
    "n_layers": 1,
    "optimizer": "SGD",
    "learning_rate": 0.09707028608884119
}
