{
    "units": [
        10,
        2
    ],
    "dropout": [
        0.3267619257802654,
        0.19324026604774786
    ],
    "n_layers": 2,
    "optimizer": "Adam",
    "learning_rate": 0.038041306837782764
}
