{
    "units": [
        6,
        8
    ],
    "dropout": [
        0.14969997018285977,
        0.2719020262703401
    ],
    "n_layers": 2,
    "optimizer": "RMSprop",
    "learning_rate": 0.003635443419473388
}
