{
    "units": [
        9,
        6,
        3
    ],
    "dropout": [
        0.3010306377224028,
        0.18884857978076908,
        0.28521142651734344
    ],
    "n_layers": 3,
    "optimizer": "Adam",
    "learning_rate": 0.006320072710003583
}
