{
    "units": [
        10
    ],
    "dropout": [
        0.15144579042821985
    ],
    "n_layers": 1,
    "optimizer": "Adam",
    "learning_rate": 0.010941183747733823
}
