{
    "units": [
        7
    ],
    "dropout": [
        0.2038488862151746
    ],
    "n_layers": 1,
    "optimizer": "Adam",
    "learning_rate": 0.03471936189499379
}
