{
    "units": [
        10,
        10,
        4
    ],
    "dropout": [
        0.2641320849917811,
        0.19097972652711845,
        0.2725319261004788
    ],
    "n_layers": 3,
    "optimizer": "SGD",
    "learning_rate": 0.09924369035664855
}
