{
    "units": [
        6,
        9
    ],
    "dropout": [
        0.12113209623241031,
        0.30430083895553556
    ],
    "n_layers": 2,
    "optimizer": "SGD",
    "learning_rate": 0.06676343887237249
}
