{
    "units": [
        9,
        9
    ],
    "dropout": [
        0.3222727132892613,
        0.1310952075218431
    ],
    "n_layers": 2,
    "optimizer": "Adam",
    "learning_rate": 0.02114923541072317
}
