{
    "units": [
        6,
        9
    ],
    "dropout": [
        0.28007156355495666,
        0.17892054914706312
    ],
    "n_layers": 2,
    "optimizer": "RMSprop",
    "learning_rate": 0.02954956861173476
}
