{
    "units": [
        7,
        8
    ],
    "dropout": [
        0.26881701219519416,
        0.16601237417472586
    ],
    "n_layers": 2,
    "optimizer": "SGD",
    "learning_rate": 0.08257858513040638
}
