{
    "units": [
        10
    ],
    "dropout": [
        0.18784269117622948
    ],
    "n_layers": 1,
    "optimizer": "RMSprop",
    "learning_rate": 0.00572174386177775
}
