{
    "units": [
        7
    ],
    "dropout": [
        0.24398512801877237
    ],
    "n_layers": 1,
    "optimizer": "Adam",
    "learning_rate": 0.04303202018310517
}
