{
    "units": [
        10,
        6
    ],
    "dropout": [
        0.12895049633337183,
        0.1843481331432587
    ],
    "n_layers": 2,
    "optimizer": "Adam",
    "learning_rate": 0.024184615392331382
}
