{
    "units": [
        7
    ],
    "dropout": [
        0.19154898027451372
    ],
    "n_layers": 1,
    "optimizer": "RMSprop",
    "learning_rate": 0.02732765714099595
}
