{
    "units": [
        10
    ],
    "dropout": [
        0.2997854117505635
    ],
    "n_layers": 1,
    "optimizer": "RMSprop",
    "learning_rate": 0.006115935309712831
}
