{
    "units": [
        8
    ],
    "dropout": [
        0.1626372912056947
    ],
    "n_layers": 1,
    "optimizer": "Adam",
    "learning_rate": 0.014031494426081911
}
