{
    "units": [
        9,
        5,
        8
    ],
    "dropout": [
        0.22229108171961637,
        0.24022512125754833,
        0.3052157842919715
    ],
    "n_layers": 3,
    "optimizer": "SGD",
    "learning_rate": 0.05598511810358588
}
