{
    "units": [
        9
    ],
    "dropout": [
        0.1555668669537306
    ],
    "n_layers": 1,
    "optimizer": "Adam",
    "learning_rate": 0.022673306111692826
}
