{
    "units": [
        9,
        9,
        6
    ],
    "dropout": [
        0.15964651529994806,
        0.1507609288336309,
        0.21805224807129905
    ],
    "n_layers": 3,
    "optimizer": "Adam",
    "learning_rate": 0.04142305713466198
}
