{
    "units": [
        5,
        6
    ],
    "dropout": [
        0.3444126955736801,
        0.21535000398536674
    ],
    "n_layers": 2,
    "optimizer": "SGD",
    "learning_rate": 0.0892186295561063
}
