{
    "units": [
        10,
        7
    ],
    "dropout": [
        0.213507945619429,
        0.3486034179492874
    ],
    "n_layers": 2,
    "optimizer": "Adam",
    "learning_rate": 0.012830539227756593
}
