{
    "units": [
        7,
        2,
        7
    ],
    "dropout": [
        0.12495418768629582,
        0.15004581574995562,
        0.19249413254437858
    ],
    "n_layers": 3,
    "optimizer": "SGD",
    "learning_rate": 0.09376056900648534
}
