{
    "units": [
        9,
        9
    ],
    "dropout": [
        0.30225545821193006,
        0.3145629084483696
    ],
    "n_layers": 2,
    "optimizer": "Adam",
    "learning_rate": 0.0247844421519948
}
