{
    "units": [
        7,
        7,
        10
    ],
    "dropout": [
        0.11478939734539212,
        0.3607093633272622,
        0.34238901055172727
    ],
    "n_layers": 3,
    "optimizer": "Adam",
    "learning_rate": 0.0009162334696391114
}
