{
    "units": [
        7
    ],
    "dropout": [
        0.2232651039431532
    ],
    "n_layers": 1,
    "optimizer": "SGD",
    "learning_rate": 0.06111718865322359
}
