{
    "units": [
        8
    ],
    "dropout": [
        0.15848529635567962
    ],
    "n_layers": 1,
    "optimizer": "SGD",
    "learning_rate": 0.049544421660912774
}
