{
    "units": [
        9
    ],
    "dropout": [
        0.18849636666904485
    ],
    "n_layers": 1,
    "optimizer": "Adam",
    "learning_rate": 0.0010886239970492922
}
