{
    "units": [
        9
    ],
    "dropout": [
        0.19456235054981272
    ],
    "n_layers": 1,
    "optimizer": "SGD",
    "learning_rate": 0.06874834122647273
}
