{
    "units": [
        6,
        10,
        3
    ],
    "dropout": [
        0.14248456419992206,
        0.19378528651216625,
        0.32320511108899097
    ],
    "n_layers": 3,
    "optimizer": "Adam",
    "learning_rate": 0.004990590747354167
}
