{
    "units": [
        9
    ],
    "dropout": [
        0.1753150331694191
    ],
    "n_layers": 1,
    "optimizer": "RMSprop",
    "learning_rate": 0.04369290686667518
}
