{
    "units": [
        10,
        5,
        10
    ],
    "dropout": [
        0.26798582306966157,
        0.3455323187291771,
        0.31596662886642435
    ],
    "n_layers": 3,
    "optimizer": "Adam",
    "learning_rate": 0.012539873147835888
}
