{
    "units": [
        9,
        7,
        8
    ],
    "dropout": [
        0.2647976562774742,
        0.1927268084248267,
        0.2065523382689503
    ],
    "n_layers": 3,
    "optimizer": "Adam",
    "learning_rate": 0.014380008316639511
}
