{
    "units": [
        8
    ],
    "dropout": [
        0.2991138486441155
    ],
    "n_layers": 1,
    "optimizer": "RMSprop",
    "learning_rate": 0.0038188868043509323
}
