{
    "units": [
        9
    ],
    "dropout": [
        0.1296873269556732
    ],
    "n_layers": 1,
    "optimizer": "Adam",
    "learning_rate": 0.017052132941506874
}
