{
    "units": [
        8
    ],
    "dropout": [
        0.2158372068685832
    ],
    "n_layers": 1,
    "optimizer": "Adam",
    "learning_rate": 0.04824262958127603
}
