{
    "units": [
        7
    ],
    "dropout": [
        0.2807871172638211
    ],
    "n_layers": 1,
    "optimizer": "Adam",
    "learning_rate": 0.03448420396881876
}
