{
    "units": [
        10
    ],
    "dropout": [
        0.13523502690317687
    ],
    "n_layers": 1,
    "optimizer": "SGD",
    "learning_rate": 0.07561040567852308
}
