{
    "units": [
        8,
        10,
        8
    ],
    "dropout": [
        0.13110818826358345,
        0.29885504705273236,
        0.3787760966850885
    ],
    "n_layers": 3,
    "optimizer": "SGD",
    "learning_rate": 0.09569512689392957
}
