{
    "units": [
        9
    ],
    "dropout": [
        0.10296399499779729
    ],
    "n_layers": 1,
    "optimizer": "Adam",
    "learning_rate": 0.03918155194174729
}
