{
    "units": [
        6
    ],
    "dropout": [
        0.1234648497323638
    ],
    "n_layers": 1,
    "optimizer": "SGD",
    "learning_rate": 0.08173932939585772
}
