{
    "units": [
        10
    ],
    "dropout": [
        0.2918822599958467
    ],
    "n_layers": 1,
    "optimizer": "Adam",
    "learning_rate": 0.07354587150087451
}
