{
    "units": [
        10
    ],
    "dropout": [
        0.3186145968375433
    ],
    "n_layers": 1,
    "optimizer": "Adam",
    "learning_rate": 0.03443769256616289
}
