{
    "units": [
        6
    ],
    "dropout": [
        0.16438909780456878
    ],
    "n_layers": 1,
    "optimizer": "Adam",
    "learning_rate": 0.04239171831708223
}
