{
    "units": [
        9,
        5
    ],
    "dropout": [
        0.2757182419147456,
        0.3527971197011762
    ],
    "n_layers": 2,
    "optimizer": "Adam",
    "learning_rate": 0.019381306940290378
}
