{
    "units": [
        8
    ],
    "dropout": [
        0.21266561694755845
    ],
    "n_layers": 1,
    "optimizer": "Adam",
    "learning_rate": 0.058527609713769316
}
