{
    "units": [
        9
    ],
    "dropout": [
        0.18629566967974542
    ],
    "n_layers": 1,
    "optimizer": "SGD",
    "learning_rate": 0.035637203555761325
}
