{
    "units": [
        8
    ],
    "dropout": [
        0.10481806898416597
    ],
    "n_layers": 1,
    "optimizer": "Adam",
    "learning_rate": 0.027618642594310946
}
