{
    "units": [
        9,
        3
    ],
    "dropout": [
        0.21349316030040086,
        0.2080185414586794
    ],
    "n_layers": 2,
    "optimizer": "Adam",
    "learning_rate": 0.009085701327333847
}
