{
    "units": [
        5
    ],
    "dropout": [
        0.10906392336885717
    ],
    "n_layers": 1,
    "optimizer": "SGD",
    "learning_rate": 0.057815876537664145
}
