{
    "units": [
        6
    ],
    "dropout": [
        0.3096582880238389
    ],
    "n_layers": 1,
    "optimizer": "SGD",
    "learning_rate": 0.0834388446307013
}
