{
    "units": [
        6
    ],
    "dropout": [
        0.10271694101073305
    ],
    "n_layers": 1,
    "optimizer": "Adam",
    "learning_rate": 0.027242130348421316
}
