{
    "units": [
        9
    ],
    "dropout": [
        0.36336041955408727
    ],
    "n_layers": 1,
    "optimizer": "Adam",
    "learning_rate": 0.0455988566859433
}
