{
    "units": [
        8,
        10
    ],
    "dropout": [
        0.18403108926788897,
        0.23970379158003374
    ],
    "n_layers": 2,
    "optimizer": "Adam",
    "learning_rate": 0.0776247082150005
}
