{
    "units": [
        9,
        8
    ],
    "dropout": [
        0.1493668139384726,
        0.3766354118450692
    ],
    "n_layers": 2,
    "optimizer": "SGD",
    "learning_rate": 0.07161070093353251
}
