{
    "units": [
        10
    ],
    "dropout": [
        0.1595517885067207
    ],
    "n_layers": 1,
    "optimizer": "SGD",
    "learning_rate": 0.09418706640124454
}
