{
    "units": [
        9
    ],
    "dropout": [
        0.2873643266374108
    ],
    "n_layers": 1,
    "optimizer": "Adam",
    "learning_rate": 0.03786156994832553
}
