{
    "units": [
        9
    ],
    "dropout": [
        0.2974416680472882
    ],
    "n_layers": 1,
    "optimizer": "SGD",
    "learning_rate": 0.09124749673659886
}
