{
    "units": [
        8
    ],
    "dropout": [
        0.37774635702586623
    ],
    "n_layers": 1,
    "optimizer": "SGD",
    "learning_rate": 0.09325528422608205
}
