{
    "units": [
        7
    ],
    "dropout": [
        0.2419776886978042
    ],
    "n_layers": 1,
    "optimizer": "Adam",
    "learning_rate": 0.0046469060456015565
}
