{
    "units": [
        8,
        7,
        7
    ],
    "dropout": [
        0.12298812007961066,
        0.20761373360322102,
        0.1824543431107245
    ],
    "n_layers": 3,
    "optimizer": "Adam",
    "learning_rate": 0.02600385817792667
}
