{
    "units": [
        8,
        6
    ],
    "dropout": [
        0.17023239215298286,
        0.22933153242561957
    ],
    "n_layers": 2,
    "optimizer": "Adam",
    "learning_rate": 0.016911494118163607
}
