{
    "units": [
        10,
        9
    ],
    "dropout": [
        0.11225329970914141,
        0.381343040297606
    ],
    "n_layers": 2,
    "optimizer": "RMSprop",
    "learning_rate": 0.010982205599178327
}
