{
    "units": [
        7,
        6
    ],
    "dropout": [
        0.28350483636173135,
        0.14431501221611584
    ],
    "n_layers": 2,
    "optimizer": "RMSprop",
    "learning_rate": 0.013907902011325747
}
