{
    "units": [
        8
    ],
    "dropout": [
        0.3558944016519483
    ],
    "n_layers": 1,
    "optimizer": "Adam",
    "learning_rate": 0.013775630755156091
}
