{
    "units": [
        8
    ],
    "dropout": [
        0.139794180857554
    ],
    "n_layers": 1,
    "optimizer": "SGD",
    "learning_rate": 0.0980920563891445
}
