{
    "units": [
        9,
        4
    ],
    "dropout": [
        0.16297075999540941,
        0.10797472080777365
    ],
    "n_layers": 2,
    "optimizer": "Adam",
    "learning_rate": 0.04533024842125224
}
