{
    "units": [
        6
    ],
    "dropout": [
        0.22136048481245602
    ],
    "n_layers": 1,
    "optimizer": "RMSprop",
    "learning_rate": 0.004351682718707779
}
