{
    "units": [
        10,
        9
    ],
    "dropout": [
        0.11134131813472437,
        0.28558010413536594
    ],
    "n_layers": 2,
    "optimizer": "Adam",
    "learning_rate": 0.046798955616734354
}
