{
    "units": [
        9
    ],
    "dropout": [
        0.36044250717419823
    ],
    "n_layers": 1,
    "optimizer": "SGD",
    "learning_rate": 0.05090811003207771
}
