{
    "units": [
        8,
        8,
        9
    ],
    "dropout": [
        0.12053562401988044,
        0.16969972258368288,
        0.21388331142258657
    ],
    "n_layers": 3,
    "optimizer": "Adam",
    "learning_rate": 0.009880602061245716
}
