{
    "units": [
        6
    ],
    "dropout": [
        0.1534643130965809
    ],
    "n_layers": 1,
    "optimizer": "Adam",
    "learning_rate": 0.062033008631476705
}
