{
    "units": [
        7,
        3,
        5
    ],
    "dropout": [
        0.3139230502366722,
        0.24317427283807488,
        0.1080760311904151
    ],
    "n_layers": 3,
    "optimizer": "SGD",
    "learning_rate": 0.027338299160630186
}
