{
    "units": [
        6,
        6
    ],
    "dropout": [
        0.21191464290048426,
        0.2973234833676305
    ],
    "n_layers": 2,
    "optimizer": "Adam",
    "learning_rate": 0.011094078135132216
}
