{
    "units": [
        8,
        9,
        6
    ],
    "dropout": [
        0.19604108433735534,
        0.34835008979064735,
        0.2923134326993991
    ],
    "n_layers": 3,
    "optimizer": "Adam",
    "learning_rate": 0.000422819950096719
}
