{
    "units": [
        7
    ],
    "dropout": [
        0.24492428534409058
    ],
    "n_layers": 1,
    "optimizer": "SGD",
    "learning_rate": 0.08881091042883979
}
