{
    "units": [
        8,
        10
    ],
    "dropout": [
        0.20306100210295014,
        0.19712880906853333
    ],
    "n_layers": 2,
    "optimizer": "Adam",
    "learning_rate": 0.029772187986597743
}
