{
    "units": [
        6
    ],
    "dropout": [
        0.1549310990461882
    ],
    "n_layers": 1,
    "optimizer": "SGD",
    "learning_rate": 0.03916651915100003
}
