{
    "units": [
        6,
        7
    ],
    "dropout": [
        0.1513788275821656,
        0.3435736642546424
    ],
    "n_layers": 2,
    "optimizer": "Adam",
    "learning_rate": 0.015463635475566386
}
