{
    "units": [
        9
    ],
    "dropout": [
        0.34066016842220515
    ],
    "n_layers": 1,
    "optimizer": "Adam",
    "learning_rate": 0.0019281907310052522
}
