{
    "units": [
        10,
        10,
        5
    ],
    "dropout": [
        0.12120469522023782,
        0.21378288262315687,
        0.13113715399073084
    ],
    "n_layers": 3,
    "optimizer": "RMSprop",
    "learning_rate": 0.009728622194302499
}
