{
    "units": [
        10,
        4
    ],
    "dropout": [
        0.11509797149961737,
        0.15583549663893267
    ],
    "n_layers": 2,
    "optimizer": "Adam",
    "learning_rate": 0.046294966262958065
}
