{
    "units": [
        5
    ],
    "dropout": [
        0.1845980251774742
    ],
    "n_layers": 1,
    "optimizer": "Adam",
    "learning_rate": 0.08061938215278194
}
