{
    "units": [
        7
    ],
    "dropout": [
        0.2116686046938665
    ],
    "n_layers": 1,
    "optimizer": "SGD",
    "learning_rate": 0.07711178372664217
}
