{
    "units": [
        6,
        5
    ],
    "dropout": [
        0.13142295763766243,
        0.12264873829117397
    ],
    "n_layers": 2,
    "optimizer": "RMSprop",
    "learning_rate": 0.0018259094470450222
}
