{
    "units": [
        7
    ],
    "dropout": [
        0.2610858661447082
    ],
    "n_layers": 1,
    "optimizer": "SGD",
    "learning_rate": 0.07814623225648765
}
