{
    "units": [
        9,
        5
    ],
    "dropout": [
        0.13198337787523207,
        0.14443706763538944
    ],
    "n_layers": 2,
    "optimizer": "Adam",
    "learning_rate": 0.007650618546563538
}
