{
    "units": [
        8,
        10
    ],
    "dropout": [
        0.28753258643987273,
        0.21774237420464038
    ],
    "n_layers": 2,
    "optimizer": "Adam",
    "learning_rate": 0.011953782285486669
}
