{
    "units": [
        6,
        6
    ],
    "dropout": [
        0.12982196944332686,
        0.152951249271163
    ],
    "n_layers": 2,
    "optimizer": "SGD",
    "learning_rate": 0.08809065120460717
}
