{
    "units": [
        7
    ],
    "dropout": [
        0.19469676906013528
    ],
    "n_layers": 1,
    "optimizer": "SGD",
    "learning_rate": 0.09389851365547773
}
