{
    "units": [
        10
    ],
    "dropout": [
        0.20596817883128854
    ],
    "n_layers": 1,
    "optimizer": "SGD",
    "learning_rate": 0.04587723920970431
}
