{
    "units": [
        8,
        5
    ],
    "dropout": [
        0.2132757282108848,
        0.22940634392702106
    ],
    "n_layers": 2,
    "optimizer": "SGD",
    "learning_rate": 0.0707463993125174
}
