{
    "units": [
        8
    ],
    "dropout": [
        0.23226124526446357
    ],
    "n_layers": 1,
    "optimizer": "SGD",
    "learning_rate": 0.0875198576581945
}
