{
    "units": [
        10
    ],
    "dropout": [
        0.11344445865897258
    ],
    "n_layers": 1,
    "optimizer": "Adam",
    "learning_rate": 0.0066060368825000305
}
