{
    "units": [
        7
    ],
    "dropout": [
        0.12982332831326732
    ],
    "n_layers": 1,
    "optimizer": "Adam",
    "learning_rate": 0.05942379589176329
}
