{
    "units": [
        10
    ],
    "dropout": [
        0.3091381281083274
    ],
    "n_layers": 1,
    "optimizer": "RMSprop",
    "learning_rate": 0.016381919470259812
}
