{
    "units": [
        8,
        3
    ],
    "dropout": [
        0.11719981222067792,
        0.31027122570071075
    ],
    "n_layers": 2,
    "optimizer": "SGD",
    "learning_rate": 0.03940143769230103
}
