{
    "units": [
        9
    ],
    "dropout": [
        0.32113802824329013
    ],
    "n_layers": 1,
    "optimizer": "SGD",
    "learning_rate": 0.03300939277112979
}
