{
    "units": [
        8
    ],
    "dropout": [
        0.155196525102351
    ],
    "n_layers": 1,
    "optimizer": "SGD",
    "learning_rate": 0.049727030302634694
}
