{
    "units": [
        4
    ],
    "dropout": [
        0.17691127473694188
    ],
    "n_layers": 1,
    "optimizer": "Adam",
    "learning_rate": 0.01736815107806847
}
