{
    "units": [
        10
    ],
    "dropout": [
        0.2956060044664769
    ],
    "n_layers": 1,
    "optimizer": "RMSprop",
    "learning_rate": 0.013090014060295948
}
