{
    "units": [
        10
    ],
    "dropout": [
        0.11552991414742211
    ],
    "n_layers": 1,
    "optimizer": "Adam",
    "learning_rate": 0.03180945183700403
}
