{
    "units": [
        9,
        2
    ],
    "dropout": [
        0.2010784488298626,
        0.2775739691399116
    ],
    "n_layers": 2,
    "optimizer": "Adam",
    "learning_rate": 0.010050222073468208
}
