{
    "units": [
        3
    ],
    "dropout": [
        0.17873488268624937
    ],
    "n_layers": 1,
    "optimizer": "RMSprop",
    "learning_rate": 0.01231327547360784
}
