{
    "units": [
        6
    ],
    "dropout": [
        0.3492330206715627
    ],
    "n_layers": 1,
    "optimizer": "Adam",
    "learning_rate": 0.07638968476305721
}
