{
    "units": [
        8
    ],
    "dropout": [
        0.3764557558687356
    ],
    "n_layers": 1,
    "optimizer": "SGD",
    "learning_rate": 0.07913203434094378
}
