{
    "units": [
        9,
        4
    ],
    "dropout": [
        0.26403261214805324,
        0.14296494649786645
    ],
    "n_layers": 2,
    "optimizer": "SGD",
    "learning_rate": 0.06573329320523957
}
