{
    "units": [
        9
    ],
    "dropout": [
        0.3368916957273439
    ],
    "n_layers": 1,
    "optimizer": "SGD",
    "learning_rate": 0.09419781649784063
}
