{
    "units": [
        6,
        9
    ],
    "dropout": [
        0.3128703426650993,
        0.2011905964834208
    ],
    "n_layers": 2,
    "optimizer": "RMSprop",
    "learning_rate": 0.031798055503570795
}
