{
    "units": [
        9,
        10
    ],
    "dropout": [
        0.1659731821967385,
        0.27695848892396624
    ],
    "n_layers": 2,
    "optimizer": "RMSprop",
    "learning_rate": 0.0010208820592091394
}
