{
    "units": [
        10
    ],
    "dropout": [
        0.31690111498991336
    ],
    "n_layers": 1,
    "optimizer": "SGD",
    "learning_rate": 0.06564416257058929
}
