{
    "units": [
        8,
        9
    ],
    "dropout": [
        0.13034609736014108,
        0.3802021139735092
    ],
    "n_layers": 2,
    "optimizer": "Adam",
    "learning_rate": 0.03403279432412173
}
