{
    "units": [
        4
    ],
    "dropout": [
        0.21245148393718266
    ],
    "n_layers": 1,
    "optimizer": "Adam",
    "learning_rate": 0.01065865931420235
}
