{
    "units": [
        10
    ],
    "dropout": [
        0.20222959123118894
    ],
    "n_layers": 1,
    "optimizer": "Adam",
    "learning_rate": 0.017918748950393856
}
