{
    "units": [
        10,
        8,
        5
    ],
    "dropout": [
        0.23537895300994796,
        0.3268765569350705,
        0.1427239352170023
    ],
    "n_layers": 3,
    "optimizer": "SGD",
    "learning_rate": 0.09808918230048008
}
