{
    "units": [
        8
    ],
    "dropout": [
        0.23754034761491097
    ],
    "n_layers": 1,
    "optimizer": "Adam",
    "learning_rate": 0.00911130830210652
}
