{
    "units": [
        7
    ],
    "dropout": [
        0.351506027060827
    ],
    "n_layers": 1,
    "optimizer": "RMSprop",
    "learning_rate": 0.007124658507380268
}
