{
    "units": [
        5,
        6
    ],
    "dropout": [
        0.19229267781410658,
        0.12978811303065488
    ],
    "n_layers": 2,
    "optimizer": "SGD",
    "learning_rate": 0.08171685758732132
}
