{
    "units": [
        4
    ],
    "dropout": [
        0.14074716391260575
    ],
    "n_layers": 1,
    "optimizer": "SGD",
    "learning_rate": 0.07273711662352109
}
