{
    "units": [
        9,
        10
    ],
    "dropout": [
        0.2008168383847172,
        0.3759323943204762
    ],
    "n_layers": 2,
    "optimizer": "SGD",
    "learning_rate": 0.0846487852032451
}
