{
    "units": [
        9,
        10,
        8
    ],
    "dropout": [
        0.12444607985416048,
        0.39572703238116347,
        0.1840877282256593
    ],
    "n_layers": 3,
    "optimizer": "Adam",
    "learning_rate": 0.012715626712274272
}
