{
    "units": [
        7,
        6
    ],
    "dropout": [
        0.27584772827514503,
        0.16991924343363132
    ],
    "n_layers": 2,
    "optimizer": "Adam",
    "learning_rate": 0.0529270466251739
}
