{
    "units": [
        10
    ],
    "dropout": [
        0.28270252319027933
    ],
    "n_layers": 1,
    "optimizer": "SGD",
    "learning_rate": 0.0910317679482397
}
