{
    "units": [
        9
    ],
    "dropout": [
        0.34122238322381565
    ],
    "n_layers": 1,
    "optimizer": "Adam",
    "learning_rate": 0.008714096981898234
}
