{
    "units": [
        10,
        5,
        5
    ],
    "dropout": [
        0.3904751597015982,
        0.2846274661344642,
        0.248396855276417
    ],
    "n_layers": 3,
    "optimizer": "Adam",
    "learning_rate": 0.020527720430307476
}
