{
    "units": [
        10,
        9,
        4
    ],
    "dropout": [
        0.296498749037485,
        0.35376327557875853,
        0.16847270280168825
    ],
    "n_layers": 3,
    "optimizer": "RMSprop",
    "learning_rate": 0.0074762858949872675
}
