{
    "units": [
        9,
        8,
        7
    ],
    "dropout": [
        0.17683697347858013,
        0.2723562579650273,
        0.14462469322615742
    ],
    "n_layers": 3,
    "optimizer": "SGD",
    "learning_rate": 0.09101963160563128
}
