{
    "units": [
        10,
        6,
        6
    ],
    "dropout": [
        0.2928205507837691,
        0.3046198406203351,
        0.325372705826228
    ],
    "n_layers": 3,
    "optimizer": "SGD",
    "learning_rate": 0.07858764681490217
}
