{
    "units": [
        9
    ],
    "dropout": [
        0.38848797164698645
    ],
    "n_layers": 1,
    "optimizer": "Adam",
    "learning_rate": 0.003854593989099653
}
