{
    "units": [
        10,
        9
    ],
    "dropout": [
        0.23716107545330556,
        0.22073599953091894
    ],
    "n_layers": 2,
    "optimizer": "Adam",
    "learning_rate": 0.0217704184254611
}
