{
    "units": [
        6,
        6
    ],
    "dropout": [
        0.29363368187965866,
        0.1395348151161604
    ],
    "n_layers": 2,
    "optimizer": "Adam",
    "learning_rate": 0.02804930090561065
}
