{
    "units": [
        10,
        5
    ],
    "dropout": [
        0.17515274121280708,
        0.24140993167778718
    ],
    "n_layers": 2,
    "optimizer": "Adam",
    "learning_rate": 0.0216288555720724
}
