{
    "units": [
        7,
        9,
        9
    ],
    "dropout": [
        0.15960507811180544,
        0.3587908815887594,
        0.18342455351188292
    ],
    "n_layers": 3,
    "optimizer": "RMSprop",
    "learning_rate": 0.0018486587891917833
}
