{
    "units": [
        4
    ],
    "dropout": [
        0.1371918257327108
    ],
    "n_layers": 1,
    "optimizer": "RMSprop",
    "learning_rate": 0.01692302220750515
}
