{
    "units": [
        9,
        8
    ],
    "dropout": [
        0.36664327939726893,
        0.15019973509306994
    ],
    "n_layers": 2,
    "optimizer": "RMSprop",
    "learning_rate": 0.023170452176255216
}
