{
    "units": [
        8
    ],
    "dropout": [
        0.1803165174667286
    ],
    "n_layers": 1,
    "optimizer": "Adam",
    "learning_rate": 0.02327543259719992
}
