{
    "units": [
        8
    ],
    "dropout": [
        0.10609303917351282
    ],
    "n_layers": 1,
    "optimizer": "RMSprop",
    "learning_rate": 0.00040142897264422754
}
