{
    "units": [
        10
    ],
    "dropout": [
        0.15791090188895757
    ],
    "n_layers": 1,
    "optimizer": "Adam",
    "learning_rate": 0.022092918462966408
}
