{
    "units": [
        9,
        8
    ],
    "dropout": [
        0.23308137563659206,
        0.31595203772074987
    ],
    "n_layers": 2,
    "optimizer": "Adam",
    "learning_rate": 0.005077418982924419
}
