{
    "units": [
        7
    ],
    "dropout": [
        0.11416860538354609
    ],
    "n_layers": 1,
    "optimizer": "Adam",
    "learning_rate": 0.015040076552102743
}
