{
    "units": [
        4
    ],
    "dropout": [
        0.12444278639743098
    ],
    "n_layers": 1,
    "optimizer": "SGD",
    "learning_rate": 0.053337895415859954
}
