{
    "units": [
        10,
        10
    ],
    "dropout": [
        0.1170427974866428,
        0.11761020960742499
    ],
    "n_layers": 2,
    "optimizer": "Adam",
    "learning_rate": 0.05058234303856015
}
