{
    "units": [
        8,
        7
    ],
    "dropout": [
        0.1714434802188313,
        0.2586425017385585
    ],
    "n_layers": 2,
    "optimizer": "SGD",
    "learning_rate": 0.0963839089718694
}
