{
    "units": [
        9,
        4,
        8
    ],
    "dropout": [
        0.13734999451918892,
        0.18412341161914766,
        0.3628325848362346
    ],
    "n_layers": 3,
    "optimizer": "RMSprop",
    "learning_rate": 0.0035573018771295714
}
