{
    "units": [
        8
    ],
    "dropout": [
        0.10902798141865566
    ],
    "n_layers": 1,
    "optimizer": "Adam",
    "learning_rate": 0.023199215800932056
}
