{
    "units": [
        10
    ],
    "dropout": [
        0.15301701295651232
    ],
    "n_layers": 1,
    "optimizer": "Adam",
    "learning_rate": 0.07862338346136408
}
