{
    "units": [
        6
    ],
    "dropout": [
        0.1617094792362113
    ],
    "n_layers": 1,
    "optimizer": "Adam",
    "learning_rate": 0.04734768957871672
}
