{
    "units": [
        9
    ],
    "dropout": [
        0.18788485343791173
    ],
    "n_layers": 1,
    "optimizer": "SGD",
    "learning_rate": 0.054982304033224336
}
