{
    "units": [
        9
    ],
    "dropout": [
        0.18290352835828444
    ],
    "n_layers": 1,
    "optimizer": "Adam",
    "learning_rate": 0.005948378599297869
}
