{
    "units": [
        10
    ],
    "dropout": [
        0.2483977725817973
    ],
    "n_layers": 1,
    "optimizer": "SGD",
    "learning_rate": 0.0750920048097886
}
