{
    "units": [
        3
    ],
    "dropout": [
        0.27641520125318864
    ],
    "n_layers": 1,
    "optimizer": "SGD",
    "learning_rate": 0.09894271444863545
}
