{
    "units": [
        8
    ],
    "dropout": [
        0.16458940500434185
    ],
    "n_layers": 1,
    "optimizer": "RMSprop",
    "learning_rate": 0.031559579125985164
}
