{
    "units": [
        9
    ],
    "dropout": [
        0.38998015594121793
    ],
    "n_layers": 1,
    "optimizer": "Adam",
    "learning_rate": 0.04434431038586302
}
