{
    "units": [
        8
    ],
    "dropout": [
        0.2816932234240891
    ],
    "n_layers": 1,
    "optimizer": "RMSprop",
    "learning_rate": 0.0054276002881144085
}
