{
    "units": [
        10
    ],
    "dropout": [
        0.17403318699072448
    ],
    "n_layers": 1,
    "optimizer": "Adam",
    "learning_rate": 0.020833002995002344
}
