{
    "units": [
        6
    ],
    "dropout": [
        0.23444790110462405
    ],
    "n_layers": 1,
    "optimizer": "Adam",
    "learning_rate": 0.028023611681799905
}
