{
    "units": [
        6
    ],
    "dropout": [
        0.3986873051094899
    ],
    "n_layers": 1,
    "optimizer": "SGD",
    "learning_rate": 0.08472744266880035
}
