{
    "units": [
        8
    ],
    "dropout": [
        0.2620234864743932
    ],
    "n_layers": 1,
    "optimizer": "SGD",
    "learning_rate": 0.08191275080876705
}
