{
    "units": [
        9,
        5,
        3
    ],
    "dropout": [
        0.28395462611490835,
        0.30647218387100106,
        0.2575416011069199
    ],
    "n_layers": 3,
    "optimizer": "RMSprop",
    "learning_rate": 0.0066465337345444275
}
