{
    "units": [
        5,
        3
    ],
    "dropout": [
        0.12048162462114263,
        0.10090671005125157
    ],
    "n_layers": 2,
    "optimizer": "SGD",
    "learning_rate": 0.02968993374282942
}
