{
    "units": [
        4
    ],
    "dropout": [
        0.27658634416571615
    ],
    "n_layers": 1,
    "optimizer": "Adam",
    "learning_rate": 0.020593062050422918
}
