{
    "units": [
        9
    ],
    "dropout": [
        0.39782628145879917
    ],
    "n_layers": 1,
    "optimizer": "SGD",
    "learning_rate": 0.08884995937441248
}
