{
    "units": [
        7,
        4
    ],
    "dropout": [
        0.20691302916681373,
        0.2688503134812469
    ],
    "n_layers": 2,
    "optimizer": "SGD",
    "learning_rate": 0.06019330596477309
}
