{
    "units": [
        8,
        5
    ],
    "dropout": [
        0.2397785813071432,
        0.13622642921778294
    ],
    "n_layers": 2,
    "optimizer": "Adam",
    "learning_rate": 0.0012978123900303073
}
