{
    "units": [
        8,
        4
    ],
    "dropout": [
        0.23624202628382457,
        0.37610141253025653
    ],
    "n_layers": 2,
    "optimizer": "SGD",
    "learning_rate": 0.03577357291526702
}
