{
    "units": [
        9,
        4
    ],
    "dropout": [
        0.1619094348229704,
        0.12466922548697615
    ],
    "n_layers": 2,
    "optimizer": "Adam",
    "learning_rate": 0.006635711058847514
}
