{
    "units": [
        9
    ],
    "dropout": [
        0.14784656560598247
    ],
    "n_layers": 1,
    "optimizer": "SGD",
    "learning_rate": 0.04225023029613489
}
