{
    "units": [
        8
    ],
    "dropout": [
        0.2626096648752104
    ],
    "n_layers": 1,
    "optimizer": "Adam",
    "learning_rate": 0.021739396406657945
}
