{
    "units": [
        8,
        3
    ],
    "dropout": [
        0.12262137190030434,
        0.15322505177312273
    ],
    "n_layers": 2,
    "optimizer": "Adam",
    "learning_rate": 0.0030071499810353053
}
