{
    "units": [
        10,
        7,
        10
    ],
    "dropout": [
        0.25218580739716556,
        0.3287835683362335,
        0.30951331676073185
    ],
    "n_layers": 3,
    "optimizer": "SGD",
    "learning_rate": 0.09092536864446013
}
