{
    "units": [
        10
    ],
    "dropout": [
        0.24183177098987138
    ],
    "n_layers": 1,
    "optimizer": "SGD",
    "learning_rate": 0.07807141167398035
}
