{
    "units": [
        8,
        9,
        6
    ],
    "dropout": [
        0.12420008580956193,
        0.3209644703958551,
        0.16921695391527442
    ],
    "n_layers": 3,
    "optimizer": "RMSprop",
    "learning_rate": 0.0011844859732938143
}
