{
    "units": [
        9
    ],
    "dropout": [
        0.13444574291869377
    ],
    "n_layers": 1,
    "optimizer": "Adam",
    "learning_rate": 0.011415744469226257
}
