{
    "units": [
        5,
        8
    ],
    "dropout": [
        0.35907858738130194,
        0.1743466471636178
    ],
    "n_layers": 2,
    "optimizer": "Adam",
    "learning_rate": 0.0347008723388957
}
