{
    "units": [
        9,
        5
    ],
    "dropout": [
        0.27981346210112756,
        0.34264313224536114
    ],
    "n_layers": 2,
    "optimizer": "SGD",
    "learning_rate": 0.09350750539502294
}
