{
    "units": [
        5
    ],
    "dropout": [
        0.12953753888504296
    ],
    "n_layers": 1,
    "optimizer": "RMSprop",
    "learning_rate": 0.015329236993279429
}
