{
    "units": [
        10,
        4
    ],
    "dropout": [
        0.20257715164468074,
        0.25491118912758776
    ],
    "n_layers": 2,
    "optimizer": "Adam",
    "learning_rate": 0.02376740090042999
}
