{
    "units": [
        8
    ],
    "dropout": [
        0.2807560171024802
    ],
    "n_layers": 1,
    "optimizer": "SGD",
    "learning_rate": 0.060126541367736264
}
