{
    "units": [
        2
    ],
    "dropout": [
        0.16404273474608141
    ],
    "n_layers": 1,
    "optimizer": "Adam",
    "learning_rate": 0.0941701475435404
}
