{
    "units": [
        10
    ],
    "dropout": [
        0.1673093146424657
    ],
    "n_layers": 1,
    "optimizer": "Adam",
    "learning_rate": 0.03279774238433049
}
