{
    "units": [
        9
    ],
    "dropout": [
        0.2195806174393711
    ],
    "n_layers": 1,
    "optimizer": "Adam",
    "learning_rate": 0.0318042034199413
}
