{
    "units": [
        7,
        8
    ],
    "dropout": [
        0.10448651268828807,
        0.38953032277025235
    ],
    "n_layers": 2,
    "optimizer": "Adam",
    "learning_rate": 0.0266517103293151
}
