{
    "units": [
        10
    ],
    "dropout": [
        0.35375805288775186
    ],
    "n_layers": 1,
    "optimizer": "RMSprop",
    "learning_rate": 0.007971422715268642
}
