{
    "units": [
        9
    ],
    "dropout": [
        0.3257919758707852
    ],
    "n_layers": 1,
    "optimizer": "SGD",
    "learning_rate": 0.05066001582434863
}
