{
    "units": [
        9,
        9
    ],
    "dropout": [
        0.1291651317391918,
        0.37875492002547584
    ],
    "n_layers": 2,
    "optimizer": "Adam",
    "learning_rate": 0.002854923178530948
}
