{
    "units": [
        3
    ],
    "dropout": [
        0.30031687200292767
    ],
    "n_layers": 1,
    "optimizer": "Adam",
    "learning_rate": 0.09398758390651986
}
