{
    "units": [
        10
    ],
    "dropout": [
        0.3630254077024
    ],
    "n_layers": 1,
    "optimizer": "Adam",
    "learning_rate": 0.052193727234363455
}
