{
    "units": [
        10,
        10,
        8
    ],
    "dropout": [
        0.16712237884861028,
        0.16259975315550668,
        0.24643816302846325
    ],
    "n_layers": 3,
    "optimizer": "Adam",
    "learning_rate": 0.014690186361507802
}
