{
    "units": [
        10
    ],
    "dropout": [
        0.16148925713805173
    ],
    "n_layers": 1,
    "optimizer": "RMSprop",
    "learning_rate": 0.009819485614221296
}
