{
    "units": [
        9
    ],
    "dropout": [
        0.25443940584892033
    ],
    "n_layers": 1,
    "optimizer": "Adam",
    "learning_rate": 0.013086859489324372
}
