{
    "units": [
        8,
        5
    ],
    "dropout": [
        0.26655973390233006,
        0.38571407748783393
    ],
    "n_layers": 2,
    "optimizer": "Adam",
    "learning_rate": 0.05075770502010825
}
