{
    "units": [
        10
    ],
    "dropout": [
        0.21994226328017735
    ],
    "n_layers": 1,
    "optimizer": "Adam",
    "learning_rate": 0.004328127752549179
}
