{
    "units": [
        9
    ],
    "dropout": [
        0.3456398515497529
    ],
    "n_layers": 1,
    "optimizer": "RMSprop",
    "learning_rate": 0.036133796152152946
}
