{
    "units": [
        6
    ],
    "dropout": [
        0.24816089453144835
    ],
    "n_layers": 1,
    "optimizer": "Adam",
    "learning_rate": 0.030899508193146602
}
