{
    "units": [
        9,
        8
    ],
    "dropout": [
        0.24600459862004168,
        0.37318862271759057
    ],
    "n_layers": 2,
    "optimizer": "Adam",
    "learning_rate": 0.007663095331121132
}
