{
    "units": [
        7,
        7
    ],
    "dropout": [
        0.1510572588378312,
        0.20170454045819583
    ],
    "n_layers": 2,
    "optimizer": "SGD",
    "learning_rate": 0.051652351440114624
}
