{
    "units": [
        10
    ],
    "dropout": [
        0.1970351961855175
    ],
    "n_layers": 1,
    "optimizer": "SGD",
    "learning_rate": 0.02850265674019861
}
