{
    "units": [
        10
    ],
    "dropout": [
        0.16700292832495858
    ],
    "n_layers": 1,
    "optimizer": "Adam",
    "learning_rate": 0.010200621693160097
}
