{
    "units": [
        9,
        9,
        6
    ],
    "dropout": [
        0.31465670933552015,
        0.22043435211746845,
        0.13669230174350214
    ],
    "n_layers": 3,
    "optimizer": "Adam",
    "learning_rate": 0.02188875816414088
}
