{
    "units": [
        8
    ],
    "dropout": [
        0.25746612741011465
    ],
    "n_layers": 1,
    "optimizer": "SGD",
    "learning_rate": 0.09056598107475512
}
