{
    "units": [
        10,
        8
    ],
    "dropout": [
        0.26903042103075003,
        0.35939055977191414
    ],
    "n_layers": 2,
    "optimizer": "SGD",
    "learning_rate": 0.09041283583986723
}
