{
    "units": [
        8
    ],
    "dropout": [
        0.2514923407963993
    ],
    "n_layers": 1,
    "optimizer": "Adam",
    "learning_rate": 0.023578360330994003
}
