{
    "units": [
        7,
        8
    ],
    "dropout": [
        0.28795890501053983,
        0.28709244967757386
    ],
    "n_layers": 2,
    "optimizer": "RMSprop",
    "learning_rate": 0.011030830147553265
}
