{
    "units": [
        9
    ],
    "dropout": [
        0.2926173761756703
    ],
    "n_layers": 1,
    "optimizer": "Adam",
    "learning_rate": 0.013649249672983753
}
