{
    "units": [
        9
    ],
    "dropout": [
        0.19865553073140127
    ],
    "n_layers": 1,
    "optimizer": "Adam",
    "learning_rate": 0.05614687176527788
}
