{
    "units": [
        7
    ],
    "dropout": [
        0.3808472374459071
    ],
    "n_layers": 1,
    "optimizer": "SGD",
    "learning_rate": 0.0911656669353335
}
