{
    "units": [
        8
    ],
    "dropout": [
        0.12381266159606433
    ],
    "n_layers": 1,
    "optimizer": "Adam",
    "learning_rate": 0.02056038298723463
}
