{
    "units": [
        6,
        7
    ],
    "dropout": [
        0.1303848550297769,
        0.19779962361190756
    ],
    "n_layers": 2,
    "optimizer": "Adam",
    "learning_rate": 0.015433114253122182
}
