{
    "units": [
        5,
        8
    ],
    "dropout": [
        0.10401426270301194,
        0.16412471360256262
    ],
    "n_layers": 2,
    "optimizer": "Adam",
    "learning_rate": 0.04655513000539186
}
