{
    "units": [
        6
    ],
    "dropout": [
        0.20570598406989266
    ],
    "n_layers": 1,
    "optimizer": "RMSprop",
    "learning_rate": 0.0038902828326227196
}
