{
    "units": [
        8
    ],
    "dropout": [
        0.22500382337495295
    ],
    "n_layers": 1,
    "optimizer": "RMSprop",
    "learning_rate": 0.03184183568420945
}
