{
    "units": [
        7
    ],
    "dropout": [
        0.15554061682903253
    ],
    "n_layers": 1,
    "optimizer": "SGD",
    "learning_rate": 0.07869994866156847
}
