{
    "units": [
        10
    ],
    "dropout": [
        0.2598493611936171
    ],
    "n_layers": 1,
    "optimizer": "Adam",
    "learning_rate": 0.033008453396456625
}
