{
    "units": [
        6,
        4
    ],
    "dropout": [
        0.22898347474716027,
        0.20055929495753394
    ],
    "n_layers": 2,
    "optimizer": "SGD",
    "learning_rate": 0.07246779466911958
}
