{
    "units": [
        10
    ],
    "dropout": [
        0.24147979876071057
    ],
    "n_layers": 1,
    "optimizer": "Adam",
    "learning_rate": 0.0291255284165718
}
