{
    "units": [
        8
    ],
    "dropout": [
        0.20489529248873484
    ],
    "n_layers": 1,
    "optimizer": "Adam",
    "learning_rate": 0.0022329424318424875
}
