{
    "units": [
        9
    ],
    "dropout": [
        0.2840398857177773
    ],
    "n_layers": 1,
    "optimizer": "Adam",
    "learning_rate": 0.038836836500841146
}
