{
    "units": [
        7
    ],
    "dropout": [
        0.11068288276735576
    ],
    "n_layers": 1,
    "optimizer": "Adam",
    "learning_rate": 0.0861093729106646
}
