{
    "units": [
        10
    ],
    "dropout": [
        0.36712287488311657
    ],
    "n_layers": 1,
    "optimizer": "Adam",
    "learning_rate": 0.013021957571159724
}
