{
    "units": [
        9
    ],
    "dropout": [
        0.2858383295779914
    ],
    "n_layers": 1,
    "optimizer": "SGD",
    "learning_rate": 0.052852479647361485
}
