{
    "units": [
        9
    ],
    "dropout": [
        0.1404578922560114
    ],
    "n_layers": 1,
    "optimizer": "SGD",
    "learning_rate": 0.045964400305419616
}
