{
    "units": [
        7
    ],
    "dropout": [
        0.15170475439800207
    ],
    "n_layers": 1,
    "optimizer": "SGD",
    "learning_rate": 0.05276253060271308
}
