{
    "units": [
        10,
        4
    ],
    "dropout": [
        0.2945490320569001,
        0.13769326270433727
    ],
    "n_layers": 2,
    "optimizer": "Adam",
    "learning_rate": 0.0832445556656212
}
