{
    "units": [
        9
    ],
    "dropout": [
        0.15709188074942587
    ],
    "n_layers": 1,
    "optimizer": "Adam",
    "learning_rate": 0.004657858512767324
}
