{
    "units": [
        8,
        7
    ],
    "dropout": [
        0.3159806545792345,
        0.2710916635501801
    ],
    "n_layers": 2,
    "optimizer": "Adam",
    "learning_rate": 0.0530371692023012
}
