{
    "units": [
        7
    ],
    "dropout": [
        0.24045904560613487
    ],
    "n_layers": 1,
    "optimizer": "Adam",
    "learning_rate": 0.04303726691382321
}
