{
    "units": [
        9
    ],
    "dropout": [
        0.20274272598908988
    ],
    "n_layers": 1,
    "optimizer": "SGD",
    "learning_rate": 0.017338712305324328
}
