{
    "units": [
        8,
        4,
        5
    ],
    "dropout": [
        0.18111560672889265,
        0.3932169742246888,
        0.17013965316937674
    ],
    "n_layers": 3,
    "optimizer": "RMSprop",
    "learning_rate": 0.02120981693788682
}
