{
    "units": [
        10,
        5,
        9
    ],
    "dropout": [
        0.24741522263611362,
        0.2822779080769692,
        0.26799972015658247
    ],
    "n_layers": 3,
    "optimizer": "Adam",
    "learning_rate": 0.0009810208246499553
}
