{
    "units": [
        10
    ],
    "dropout": [
        0.22116269299706534
    ],
    "n_layers": 1,
    "optimizer": "Adam",
    "learning_rate": 0.004986826920971832
}
