{
    "units": [
        7,
        10,
        6
    ],
    "dropout": [
        0.39822652862974306,
        0.15998466794278376,
        0.3913440823964839
    ],
    "n_layers": 3,
    "optimizer": "Adam",
    "learning_rate": 0.012461435562816543
}
