{
    "units": [
        9,
        9,
        10
    ],
    "dropout": [
        0.10595671494137889,
        0.10056560396637403,
        0.12254911943212185
    ],
    "n_layers": 3,
    "optimizer": "RMSprop",
    "learning_rate": 0.028220179000326882
}
