{
    "units": [
        10
    ],
    "dropout": [
        0.15240077748851338
    ],
    "n_layers": 1,
    "optimizer": "SGD",
    "learning_rate": 0.07272687518111336
}
