{
    "units": [
        7
    ],
    "dropout": [
        0.11934117296798649
    ],
    "n_layers": 1,
    "optimizer": "Adam",
    "learning_rate": 0.009724472330742258
}
