{
    "units": [
        9
    ],
    "dropout": [
        0.13055142959248647
    ],
    "n_layers": 1,
    "optimizer": "SGD",
    "learning_rate": 0.07789814206261864
}
