{
    "units": [
        7
    ],
    "dropout": [
        0.23699422613579932
    ],
    "n_layers": 1,
    "optimizer": "Adam",
    "learning_rate": 0.014562148315887398
}
