{
    "units": [
        10,
        5
    ],
    "dropout": [
        0.10331428876995838,
        0.22670302770164236
    ],
    "n_layers": 2,
    "optimizer": "RMSprop",
    "learning_rate": 0.011264817904149516
}
