{
    "units": [
        10
    ],
    "dropout": [
        0.1352636175807535
    ],
    "n_layers": 1,
    "optimizer": "Adam",
    "learning_rate": 0.005581671946337825
}
