{
    "units": [
        10,
        4,
        7
    ],
    "dropout": [
        0.12030598387027425,
        0.11307063818142324,
        0.3451165770571759
    ],
    "n_layers": 3,
    "optimizer": "SGD",
    "learning_rate": 0.09145664693738566
}
