{
    "units": [
        6,
        7,
        10
    ],
    "dropout": [
        0.11454554095438342,
        0.13277555048816775,
        0.3080402246608831
    ],
    "n_layers": 3,
    "optimizer": "SGD",
    "learning_rate": 0.033095627092586184
}
