{
    "units": [
        8
    ],
    "dropout": [
        0.26466371572328456
    ],
    "n_layers": 1,
    "optimizer": "Adam",
    "learning_rate": 0.024424012395114315
}
