{
    "units": [
        9
    ],
    "dropout": [
        0.10715268098010923
    ],
    "n_layers": 1,
    "optimizer": "SGD",
    "learning_rate": 0.06675748140847393
}
