{
    "units": [
        7
    ],
    "dropout": [
        0.10930147105785837
    ],
    "n_layers": 1,
    "optimizer": "Adam",
    "learning_rate": 0.04953337141749982
}
