{
    "units": [
        6
    ],
    "dropout": [
        0.18072838690882778
    ],
    "n_layers": 1,
    "optimizer": "Adam",
    "learning_rate": 0.02092826825210591
}
