{
    "units": [
        10
    ],
    "dropout": [
        0.2256907142837671
    ],
    "n_layers": 1,
    "optimizer": "SGD",
    "learning_rate": 0.08672648459025133
}
