{
    "units": [
        10,
        5
    ],
    "dropout": [
        0.3604925009859653,
        0.11959877421874579
    ],
    "n_layers": 2,
    "optimizer": "SGD",
    "learning_rate": 0.07650993706411492
}
