{
    "units": [
        8
    ],
    "dropout": [
        0.26541801092349065
    ],
    "n_layers": 1,
    "optimizer": "Adam",
    "learning_rate": 0.06464750748408496
}
