{
    "units": [
        8
    ],
    "dropout": [
        0.27979901604754254
    ],
    "n_layers": 1,
    "optimizer": "RMSprop",
    "learning_rate": 0.006809274236931864
}
