{
    "units": [
        8,
        2
    ],
    "dropout": [
        0.38772017711411444,
        0.283634171383579
    ],
    "n_layers": 2,
    "optimizer": "Adam",
    "learning_rate": 0.027563991899777162
}
