{
    "units": [
        9,
        7,
        10
    ],
    "dropout": [
        0.13306341874453043,
        0.1736430875111023,
        0.15150841347797017
    ],
    "n_layers": 3,
    "optimizer": "Adam",
    "learning_rate": 0.03932961914663781
}
