{
    "units": [
        9
    ],
    "dropout": [
        0.29625045009386547
    ],
    "n_layers": 1,
    "optimizer": "Adam",
    "learning_rate": 0.013712172293734391
}
