{
    "units": [
        9
    ],
    "dropout": [
        0.30937787357129465
    ],
    "n_layers": 1,
    "optimizer": "Adam",
    "learning_rate": 0.035360150869573344
}
