{
    "units": [
        5
    ],
    "dropout": [
        0.1558146921067997
    ],
    "n_layers": 1,
    "optimizer": "Adam",
    "learning_rate": 0.07130752436562622
}
