{
    "units": [
        8,
        2
    ],
    "dropout": [
        0.330135410772602,
        0.1314870076384121
    ],
    "n_layers": 2,
    "optimizer": "Adam",
    "learning_rate": 0.02294737516528121
}
