{
    "units": [
        9,
        3
    ],
    "dropout": [
        0.11100240008512594,
        0.2350452092019163
    ],
    "n_layers": 2,
    "optimizer": "RMSprop",
    "learning_rate": 0.015703785731759443
}
