{
    "units": [
        7
    ],
    "dropout": [
        0.3675873359727245
    ],
    "n_layers": 1,
    "optimizer": "Adam",
    "learning_rate": 0.04944500831055426
}
