{
    "units": [
        8
    ],
    "dropout": [
        0.11094196656102949
    ],
    "n_layers": 1,
    "optimizer": "SGD",
    "learning_rate": 0.035625968257492084
}
