{
    "units": [
        4
    ],
    "dropout": [
        0.2478377747913594
    ],
    "n_layers": 1,
    "optimizer": "SGD",
    "learning_rate": 0.06851754549961286
}
