{
    "units": [
        6
    ],
    "dropout": [
        0.13036601314009277
    ],
    "n_layers": 1,
    "optimizer": "Adam",
    "learning_rate": 0.09519819155963873
}
