{
    "units": [
        7,
        3
    ],
    "dropout": [
        0.14990237363613884,
        0.21593977053800262
    ],
    "n_layers": 2,
    "optimizer": "Adam",
    "learning_rate": 0.03642928053971821
}
