{
    "units": [
        6
    ],
    "dropout": [
        0.3817004803809062
    ],
    "n_layers": 1,
    "optimizer": "SGD",
    "learning_rate": 0.088278807430029
}
