{
    "units": [
        9,
        7,
        5
    ],
    "dropout": [
        0.16534893390939953,
        0.18261459504632932,
        0.11942213143179284
    ],
    "n_layers": 3,
    "optimizer": "Adam",
    "learning_rate": 0.012985854411027209
}
