{
    "units": [
        7
    ],
    "dropout": [
        0.34227845232177545
    ],
    "n_layers": 1,
    "optimizer": "Adam",
    "learning_rate": 0.040671307540298664
}
