{
    "units": [
        10
    ],
    "dropout": [
        0.12838847953035448
    ],
    "n_layers": 1,
    "optimizer": "RMSprop",
    "learning_rate": 0.015948760016489934
}
