{
    "units": [
        5,
        3
    ],
    "dropout": [
        0.35527620567394214,
        0.15299342556020507
    ],
    "n_layers": 2,
    "optimizer": "Adam",
    "learning_rate": 0.03549057841114556
}
