{
    "units": [
        8,
        9,
        6
    ],
    "dropout": [
        0.2082135811219912,
        0.1500272705968584,
        0.1422062635018407
    ],
    "n_layers": 3,
    "optimizer": "SGD",
    "learning_rate": 0.07713098330977462
}
