{
    "units": [
        8
    ],
    "dropout": [
        0.17766138423891292
    ],
    "n_layers": 1,
    "optimizer": "Adam",
    "learning_rate": 0.05748920076358068
}
