{
    "units": [
        9
    ],
    "dropout": [
        0.10654426515327038
    ],
    "n_layers": 1,
    "optimizer": "SGD",
    "learning_rate": 0.05876351507903424
}
