{
    "units": [
        6
    ],
    "dropout": [
        0.17820394174639598
    ],
    "n_layers": 1,
    "optimizer": "RMSprop",
    "learning_rate": 0.02743179808656882
}
