{
    "units": [
        9
    ],
    "dropout": [
        0.34459333468222486
    ],
    "n_layers": 1,
    "optimizer": "Adam",
    "learning_rate": 0.020716764800216798
}
