{
    "units": [
        10,
        10
    ],
    "dropout": [
        0.30899412770557855,
        0.28305764819086887
    ],
    "n_layers": 2,
    "optimizer": "SGD",
    "learning_rate": 0.09410873040907733
}
