{
    "units": [
        8,
        9
    ],
    "dropout": [
        0.3726117215315544,
        0.272842014511415
    ],
    "n_layers": 2,
    "optimizer": "Adam",
    "learning_rate": 0.009383872841299329
}
