{
    "units": [
        8
    ],
    "dropout": [
        0.2916413956925458
    ],
    "n_layers": 1,
    "optimizer": "SGD",
    "learning_rate": 0.08087078575675627
}
