{
    "units": [
        9,
        8,
        2
    ],
    "dropout": [
        0.2705409086730711,
        0.21580575370582447,
        0.2652183758229085
    ],
    "n_layers": 3,
    "optimizer": "RMSprop",
    "learning_rate": 0.00873054422158719
}
