{
    "units": [
        4
    ],
    "dropout": [
        0.13148760121057665
    ],
    "n_layers": 1,
    "optimizer": "Adam",
    "learning_rate": 0.04592633732277573
}
