{
    "units": [
        9
    ],
    "dropout": [
        0.3071729002130281
    ],
    "n_layers": 1,
    "optimizer": "SGD",
    "learning_rate": 0.046125444878204164
}
