{
    "units": [
        8,
        6
    ],
    "dropout": [
        0.39570192507895185,
        0.32961649176209684
    ],
    "n_layers": 2,
    "optimizer": "Adam",
    "learning_rate": 0.055641665995784385
}
