{
    "units": [
        8
    ],
    "dropout": [
        0.20688815474468966
    ],
    "n_layers": 1,
    "optimizer": "RMSprop",
    "learning_rate": 0.0007881055459554221
}
