oneb_Metadata_Treatment_Dose_Inhibitor_Dose,DMSO_0.100_DMSO_0.025,LPS_0.010_DMSO_0.025,LPS_0.100_DMSO_0.025,LPS_1.000_DMSO_0.025,LPS_10.000_DMSO_0.025,LPS_100.000_DMSO_0.025,Thapsigargin_1.000_DMSO_0.025,Thapsigargin_10.000_DMSO_0.025
DMSO_0.100_DMSO_0.025,1.0,0.7196087425616627,0.717762924193068,0.7070375718495258,0.700247339278581,0.6989369775225626,0.9355270029716769,0.8928358869278149
LPS_0.010_DMSO_0.025,0.7196087425616627,1.0,0.9993704309494027,0.9986804087325767,0.9978756393301417,0.9963443448751437,0.7649816637378039,0.7905708312710159
LPS_0.100_DMSO_0.025,0.717762924193068,0.9993704309494027,1.0,0.9987660115257472,0.9979847537522444,0.9964801384930217,0.7644645461536339,0.7909400331295883
LPS_1.000_DMSO_0.025,0.7070375718495258,0.9986804087325767,0.9987660115257472,1.0,0.9987896088157017,0.9977689568571125,0.7517354430899612,0.7789489665904152
LPS_10.000_DMSO_0.025,0.700247339278581,0.9978756393301417,0.9979847537522444,0.9987896088157017,1.0,0.9983888448251199,0.7485966056265515,0.7765305340013443
LPS_100.000_DMSO_0.025,0.6989369775225626,0.9963443448751437,0.9964801384930217,0.9977689568571125,0.9983888448251199,1.0,0.7461058504905479,0.7726214156999174
Thapsigargin_1.000_DMSO_0.025,0.9355270029716769,0.7649816637378039,0.7644645461536339,0.7517354430899612,0.7485966056265515,0.7461058504905479,1.0,0.9787424472163943
Thapsigargin_10.000_DMSO_0.025,0.8928358869278149,0.7905708312710159,0.7909400331295883,0.7789489665904152,0.7765305340013443,0.7726214156999174,0.9787424472163943,1.0
