{
    "apoptosis": 0.948051948051948,
    "healthy": 0.5194805194805194,
    "pyroptosis": 0.5324675324675325
}
